customer_id,age,gender,city,state,loyalty_tier,preferred_category,acquisition_channel,email_opt_in,push_opt_in,price_sensitivity_score,digital_engagement_score,tenure_days,is_new_customer,lifetime_orders,lifetime_revenue,avg_order_value,total_discount,avg_discount,days_since_last_purchase,purchase_span_days,orders_per_active_month,orders_30d,revenue_30d,orders_90d,revenue_90d,orders_180d,revenue_180d,favorite_category_by_spend,favorite_category_spend,categories_purchased,marketing_touches,email_opens,marketing_clicks,marketing_conversions_7d,avg_offer_pct,marketing_cost,open_rate,click_rate,marketing_conversion_rate,sessions_lifetime,avg_events_per_session,avg_session_minutes,product_view_sessions,review_view_sessions,cart_sessions,checkout_sessions,web_purchase_sessions,days_since_last_session,session_conversion_rate,cart_to_purchase_rate,support_tickets,avg_resolution_hours,avg_csat,unresolved_tickets,churn_label_180d,purchase_propensity_label_30d
C00001,33,Female,Scottsdale,AZ,Silver,Beauty,Paid Search,1,0,0.852,0.38,519,0,2.0,372.04999999999995,186.02499999999998,119.38999999999999,59.69499999999999,244.0,266.0,0.22556390977443608,0.0,0.0,0.0,0.0,0.0,0.0,Apparel,172.21,3.0,4,1,0,1,10.0,1.9349999999999998,0.25,0.0,0.25,11,4.454545454545454,5.972727272727273,6,5,4,2,2,169,0.18181818181818182,0.5,0.0,0.0,0.0,0.0,0,0
C00002,34,Male,Raleigh,NC,Silver,Baby,Affiliate,1,1,0.559,0.441,340,0,6.0,1171.83,195.30499999999998,271.02,45.169999999999995,1.0,335.0,0.5373134328358209,2.0,272.40999999999997,4.0,733.19,4.0,733.19,Baby,238.16,5.0,8,1,0,1,17.5,6.14,0.125,0.0,0.125,12,3.75,5.279166666666667,7,4,1,1,1,1,0.08333333333333333,1.0,1.0,9.0,5.0,0.0,0,0
C00003,44,Female,Austin,TX,Unknown,Pet,Referral,1,0,0.349,0.49,462,0,2.0,751.89,375.945,142.01,71.005,177.0,132.0,0.45454545454545453,0.0,0.0,0.0,0.0,1.0,397.52,Apparel,369.79,2.0,8,3,1,2,8.75,6.5,0.375,0.125,0.25,11,4.7272727272727275,7.842424242424243,8,7,6,0,0,10,0.0,0.0,0.0,0.0,0.0,0.0,0,0
C00004,69,Male,San Francisco,CA,Unknown,Sports,Paid Search,1,1,0.602,0.784,200,0,0.0,0.0,0.0,0.0,0.0,200.0,0.0,0.0,0.0,0.0,0.0,0.0,0.0,0.0,Unknown,0.0,0.0,11,7,1,0,10.454545454545455,5.22,0.6363636363636364,0.09090909090909091,0.0,11,3.1818181818181817,4.118181818181818,4,3,2,2,2,8,0.18181818181818182,1.0,0.0,0.0,0.0,0.0,1,0
C00005,23,Prefer not to say,Chicago,IL,Unknown,Sports,Referral,1,1,0.311,0.541,514,0,0.0,0.0,0.0,0.0,0.0,514.0,0.0,0.0,0.0,0.0,0.0,0.0,0.0,0.0,Unknown,0.0,0.0,9,3,0,1,17.77777777777778,8.83,0.3333333333333333,0.0,0.1111111111111111,16,4.9375,8.379166666666666,12,9,6,4,4,51,0.25,0.6666666666666666,0.0,0.0,0.0,0.0,1,0
C00006,40,Male,New York,NY,Silver,Grocery,Direct,1,1,0.507,0.902,577,0,4.0,1535.47,383.8675,210.07,52.5175,120.0,269.0,0.44609665427509293,0.0,0.0,0.0,0.0,2.0,1051.67,Sports,521.9,3.0,11,7,3,2,18.181818181818183,10.835,0.6363636363636364,0.2727272727272727,0.18181818181818182,17,4.352941176470588,6.995098039215686,10,7,5,4,4,19,0.23529411764705882,0.8,0.0,0.0,0.0,0.0,0,0
C00007,65,Female,New York,NY,Unknown,Beauty,Paid Social,1,1,0.618,0.644,659,0,4.0,780.62,195.155,104.38,26.095,85.0,87.0,1.3793103448275863,0.0,0.0,1.0,218.28,4.0,780.62,Beauty,379.38,4.0,17,8,2,2,14.117647058823529,12.93,0.47058823529411764,0.11764705882352941,0.11764705882352941,15,4.466666666666667,7.054444444444444,12,7,6,1,1,20,0.06666666666666667,0.16666666666666666,0.0,0.0,0.0,0.0,0,0
C00008,56,Female,Charlotte,NC,Unknown,Sports,Paid Social,1,0,0.755,0.458,593,0,4.0,2082.87,520.7175,466.16999999999996,116.54249999999999,315.0,259.0,0.46332046332046334,0.0,0.0,0.0,0.0,0.0,0.0,Sports,1580.53,3.0,5,2,1,0,15.0,4.64,0.4,0.2,0.0,10,3.7,5.253333333333333,3,3,2,1,1,47,0.1,0.5,0.0,0.0,0.0,0.0,1,0
C00009,64,Non-binary,Boulder,CO,Unknown,Electronics,Referral,1,0,0.891,0.515,842,0,3.0,633.81,211.26999999999998,146.25,48.75,65.0,206.0,0.4368932038834952,0.0,0.0,1.0,280.35,1.0,280.35,Electronics,341.08000000000004,2.0,8,4,1,0,9.375,8.825,0.5,0.125,0.0,11,4.363636363636363,6.693939393939393,8,5,4,0,0,21,0.0,0.0,0.0,0.0,0.0,0.0,0,0
C00010,49,Male,Naperville,IL,Unknown,Home,Paid Social,1,0,0.247,0.667,638,0,0.0,0.0,0.0,0.0,0.0,638.0,0.0,0.0,0.0,0.0,0.0,0.0,0.0,0.0,Unknown,0.0,0.0,8,2,0,3,16.25,6.63,0.25,0.0,0.375,10,4.4,6.4816666666666665,7,5,3,2,2,62,0.2,0.6666666666666666,0.0,0.0,0.0,0.0,1,0
C00011,23,Non-binary,Seattle,WA,Unknown,Pet,Referral,1,1,0.221,0.68,194,0,1.0,251.14,251.14,17.2,17.2,55.0,0.0,1.0,0.0,0.0,1.0,251.14,1.0,251.14,Pet,233.62,1.0,4,1,1,1,10.0,2.9450000000000003,0.25,0.25,0.25,19,3.9473684210526314,6.7482456140350875,10,5,7,4,4,5,0.21052631578947367,0.5714285714285714,0.0,0.0,0.0,0.0,0,1
C00012,25,Male,Chicago,IL,Silver,Grocery,Paid Search,1,1,0.555,0.744,317,0,3.0,920.92,306.9733333333333,82.94,27.646666666666665,153.0,70.0,1.2857142857142856,0.0,0.0,0.0,0.0,1.0,419.84,Grocery,461.92,2.0,13,9,5,0,14.615384615384615,12.57,0.6923076923076923,0.38461538461538464,0.0,9,2.6666666666666665,3.4814814814814814,2,2,1,0,0,25,0.0,0.0,0.0,0.0,0.0,0.0,0,0
C00013,24,Female,Boulder,CO,Unknown,Home,Referral,1,1,0.312,0.386,309,0,0.0,0.0,0.0,0.0,0.0,309.0,0.0,0.0,0.0,0.0,0.0,0.0,0.0,0.0,Unknown,0.0,0.0,9,0,0,1,15.555555555555555,9.79,0.0,0.0,0.1111111111111111,9,5.0,7.394444444444444,6,4,5,4,4,92,0.4444444444444444,0.8,0.0,0.0,0.0,0.0,1,0
C00014,23,Male,Seattle,WA,Unknown,Baby,Affiliate,1,1,0.251,0.454,860,0,6.0,1791.88,298.6466666666667,172.20999999999998,28.701666666666664,8.0,773.0,0.2328589909443726,1.0,309.78,1.0,309.78,1.0,309.78,Sports,780.8199999999999,5.0,7,3,0,0,17.857142857142858,6.3149999999999995,0.42857142857142855,0.0,0.0,12,4.666666666666667,7.248611111111111,8,5,4,4,4,174,0.3333333333333333,1.0,0.0,0.0,0.0,0.0,0,0
C00015,66,Male,New York,NY,Unknown,Sports,Paid Social,1,1,0.251,0.411,279,0,1.0,40.59,40.59,1.8,1.8,231.0,0.0,1.0,0.0,0.0,0.0,0.0,0.0,0.0,Home,31.26,1.0,8,4,0,1,13.125,8.24,0.5,0.0,0.125,11,5.090909090909091,9.863636363636363,9,6,6,2,2,20,0.18181818181818182,0.3333333333333333,0.0,0.0,0.0,0.0,1,0
C00016,68,Male,Boulder,CO,Platinum,Electronics,Organic Search,1,0,0.466,0.649,735,0,6.0,2245.57,374.2616666666667,434.11,72.35166666666667,46.0,576.0,0.3125,0.0,0.0,1.0,642.51,2.0,997.39,Sports,704.12,6.0,8,6,3,1,16.25,4.8,0.75,0.375,0.125,12,4.166666666666667,6.69861111111111,5,2,5,4,4,3,0.3333333333333333,0.8,1.0,11.6,2.0,0.0,0,1
C00017,35,Prefer not to say,Orlando,FL,Platinum,Beauty,Organic Search,1,0,0.472,0.673,640,0,16.0,4167.21,260.450625,649.72,40.6075,13.0,619.0,0.7754442649434572,1.0,24.67,1.0,24.67,3.0,999.6999999999999,Beauty,2025.15,7.0,10,4,1,2,13.0,6.345,0.4,0.1,0.2,14,4.785714285714286,7.036904761904762,11,5,6,3,3,6,0.21428571428571427,0.5,2.0,21.3,4.5,0.0,0,1
C00018,20,Male,Naperville,IL,Unknown,Electronics,Affiliate,1,0,0.106,0.796,160,0,1.0,280.77,280.77,17.91,17.91,109.0,0.0,1.0,0.0,0.0,0.0,0.0,1.0,280.77,Electronics,261.18,1.0,8,3,0,0,13.125,2.8049999999999997,0.375,0.0,0.0,15,3.8,6.242222222222222,8,7,4,1,1,9,0.06666666666666667,0.25,0.0,0.0,0.0,0.0,0,0
C00019,66,Female,Raleigh,NC,Silver,Baby,Organic Search,1,1,0.724,0.433,727,0,5.0,649.35,129.87,136.52,27.304000000000002,16.0,616.0,0.24350649350649348,1.0,61.94,1.0,61.94,2.0,316.1,Pet,236.43,5.0,3,0,0,0,15.0,1.51,0.0,0.0,0.0,12,3.1666666666666665,4.6402777777777775,7,1,0,0,0,65,0.0,0.0,0.0,0.0,0.0,0.0,0,0
C00020,31,Non-binary,Denver,CO,Unknown,Electronics,Paid Social,1,0,0.633,0.432,499,0,0.0,0.0,0.0,0.0,0.0,499.0,0.0,0.0,0.0,0.0,0.0,0.0,0.0,0.0,Unknown,0.0,0.0,5,2,1,0,11.0,3.5,0.4,0.2,0.0,12,4.583333333333333,7.979166666666667,7,6,5,2,2,30,0.16666666666666666,0.4,0.0,0.0,0.0,0.0,1,0
C00021,59,Male,San Francisco,CA,Unknown,Pet,Direct,1,0,0.943,0.728,788,0,3.0,1178.3,392.76666666666665,313.45,104.48333333333333,146.0,631.0,0.14263074484944532,0.0,0.0,0.0,0.0,2.0,1041.47,Sports,724.26,3.0,10,3,1,1,11.5,8.719999999999999,0.3,0.1,0.1,15,4.333333333333333,6.4255555555555555,9,2,7,5,5,5,0.3333333333333333,0.7142857142857143,1.0,10.1,3.0,0.0,0,0
C00022,71,Prefer not to say,Phoenix,AZ,Unknown,Pet,Referral,1,1,0.666,0.939,487,0,1.0,217.43,217.43,34.98,34.98,33.0,0.0,1.0,0.0,0.0,1.0,217.43,1.0,217.43,Home,139.39,2.0,14,7,3,2,12.142857142857142,10.309999999999999,0.5,0.21428571428571427,0.14285714285714285,13,4.153846153846154,6.5025641025641026,7,6,4,2,2,30,0.15384615384615385,0.5,1.0,9.7,5.0,0.0,0,1
C00023,20,Male,Boulder,CO,Silver,Grocery,Organic Search,0,1,0.84,0.391,347,0,5.0,882.8100000000001,176.562,218.57,43.714,79.0,216.0,0.6944444444444444,0.0,0.0,2.0,409.71000000000004,2.0,409.71000000000004,Grocery,814.73,1.0,5,2,0,0,19.0,4.279999999999999,0.4,0.0,0.0,10,3.9,5.5,5,5,4,1,1,11,0.1,0.25,0.0,0.0,0.0,0.0,0,0
C00024,72,Prefer not to say,Scottsdale,AZ,Platinum,Beauty,Direct,1,0,0.674,0.414,374,0,6.0,1422.9,237.15,313.12,52.18666666666667,34.0,285.0,0.631578947368421,0.0,0.0,1.0,418.87,2.0,610.47,Beauty,716.47,3.0,4,1,0,2,5.0,2.24,0.25,0.0,0.5,6,4.833333333333333,8.127777777777778,4,2,3,2,2,39,0.3333333333333333,0.6666666666666666,1.0,5.9,4.0,0.0,0,0
C00025,75,Female,San Jose,CA,Unknown,Pet,Paid Social,1,1,0.607,0.678,358,0,3.0,1159.99,386.66333333333336,255.26,85.08666666666666,115.0,123.0,0.7317073170731708,0.0,0.0,0.0,0.0,1.0,60.37,Electronics,901.97,3.0,12,5,2,3,8.75,6.835,0.4166666666666667,0.16666666666666666,0.25,13,4.230769230769231,6.698717948717948,8,4,4,3,3,2,0.23076923076923078,0.75,1.0,3.4,4.0,0.0,0,0
C00026,27,Male,Cambridge,MA,Gold,Sports,Direct,1,1,0.732,0.88,529,0,13.0,3564.29,274.17615384615385,652.4200000000001,50.18615384615385,42.0,471.0,0.8280254777070064,0.0,0.0,1.0,762.42,3.0,997.17,Sports,1740.04,4.0,12,6,1,1,13.75,6.43,0.5,0.08333333333333333,0.08333333333333333,16,4.5,8.621875,10,8,5,3,3,79,0.1875,0.6,1.0,8.8,4.0,0.0,0,1
C00027,62,Non-binary,Phoenix,AZ,Unknown,Beauty,Direct,1,1,0.218,0.407,903,0,4.0,1283.88,320.97,177.14,44.285,227.0,524.0,0.22900763358778628,0.0,0.0,0.0,0.0,0.0,0.0,Electronics,782.9399999999999,4.0,9,3,1,0,13.88888888888889,7.12,0.3333333333333333,0.1111111111111111,0.0,9,4.777777777777778,8.36111111111111,8,6,3,0,0,232,0.0,0.0,1.0,8.2,5.0,0.0,1,0
C00028,24,Female,San Francisco,CA,Unknown,Baby,Referral,1,1,0.84,0.604,210,0,1.0,328.65,328.65,108.72,108.72,72.0,0.0,1.0,0.0,0.0,1.0,328.65,1.0,328.65,Grocery,305.72,1.0,8,6,2,1,10.625,6.335,0.75,0.25,0.125,10,3.8,5.1049999999999995,6,3,1,1,1,12,0.1,1.0,0.0,0.0,0.0,0.0,0,0
C00029,48,Non-binary,Houston,TX,Unknown,Grocery,Paid Social,1,1,0.833,0.897,778,0,3.0,851.37,283.79,194.06,64.68666666666667,189.0,445.0,0.20224719101123595,0.0,0.0,0.0,0.0,0.0,0.0,Sports,251.46,5.0,7,2,1,1,5.714285714285714,6.7299999999999995,0.2857142857142857,0.14285714285714285,0.14285714285714285,17,4.9411764705882355,8.540196078431373,10,8,10,8,8,51,0.47058823529411764,0.8,1.0,4.4,4.0,0.0,1,0
C00030,55,Prefer not to say,Orlando,FL,Unknown,Pet,Organic Search,1,1,0.554,0.489,835,0,9.0,2274.34,252.70444444444445,364.6,40.51111111111111,27.0,747.0,0.3614457831325301,1.0,202.4,1.0,202.4,2.0,482.81000000000006,Pet,1081.44,4.0,4,2,1,0,11.25,1.94,0.5,0.25,0.0,17,3.8823529411764706,6.309803921568627,9,8,4,1,1,125,0.058823529411764705,0.25,0.0,0.0,0.0,0.0,0,0
C00031,42,Prefer not to say,Boulder,CO,Silver,Pet,Direct,0,0,0.601,0.797,278,0,1.0,308.71,308.71,14.83,14.83,136.0,0.0,1.0,0.0,0.0,0.0,0.0,1.0,308.71,Electronics,287.17,1.0,13,6,3,0,13.846153846153847,8.51,0.46153846153846156,0.23076923076923078,0.0,17,4.882352941176471,7.920588235294118,10,5,9,6,6,33,0.35294117647058826,0.6666666666666666,0.0,0.0,0.0,0.0,0,0
C00032,41,Non-binary,Boston,MA,Unknown,Beauty,Referral,1,0,0.608,0.638,359,0,0.0,0.0,0.0,0.0,0.0,359.0,0.0,0.0,0.0,0.0,0.0,0.0,0.0,0.0,Unknown,0.0,0.0,9,5,1,1,13.88888888888889,5.29,0.5555555555555556,0.1111111111111111,0.1111111111111111,20,4.6,7.0166666666666675,13,12,8,3,3,12,0.15,0.375,0.0,0.0,0.0,0.0,1,0
C00033,56,Female,Dallas,TX,Unknown,Electronics,Paid Search,0,1,0.298,0.419,447,0,5.0,1418.6399999999999,283.72799999999995,121.51,24.302,72.0,355.0,0.4225352112676056,0.0,0.0,1.0,276.32,2.0,626.62,Electronics,853.8100000000001,3.0,2,1,1,0,0.0,1.2049999999999998,0.5,0.5,0.0,11,3.727272727272727,5.872727272727272,5,3,2,2,2,6,0.18181818181818182,1.0,1.0,7.0,4.0,0.0,0,0
C00034,25,Female,Dallas,TX,Unknown,Electronics,Referral,1,1,0.15,0.368,734,0,1.0,298.86,298.86,45.72,45.72,140.0,0.0,1.0,0.0,0.0,0.0,0.0,1.0,298.86,Pet,220.73,2.0,4,1,0,0,15.0,3.4299999999999997,0.25,0.0,0.0,7,3.2857142857142856,3.9928571428571433,2,2,2,1,1,96,0.14285714285714285,0.5,0.0,0.0,0.0,0.0,0,0
C00035,75,Female,Scottsdale,AZ,Silver,Electronics,Affiliate,1,1,0.544,0.406,801,0,5.0,1444.8,288.96,238.24,47.648,247.0,384.0,0.390625,0.0,0.0,0.0,0.0,0.0,0.0,Electronics,734.76,4.0,7,5,0,1,12.857142857142858,2.7399999999999998,0.7142857142857143,0.0,0.14285714285714285,8,3.875,6.1,5,3,1,1,1,59,0.125,1.0,0.0,0.0,0.0,0.0,1,0
C00036,74,Male,Raleigh,NC,Silver,Grocery,Referral,0,1,0.552,0.811,273,0,3.0,1093.97,364.6566666666667,304.11,101.37,125.0,136.0,0.6617647058823529,0.0,0.0,0.0,0.0,2.0,609.18,Grocery,512.4,3.0,9,7,1,2,7.777777777777778,5.795,0.7777777777777778,0.1111111111111111,0.2222222222222222,12,4.333333333333333,7.820833333333333,8,5,4,2,2,14,0.16666666666666666,0.5,0.0,0.0,0.0,0.0,0,0
C00037,41,Male,Boston,MA,Silver,Home,Affiliate,0,1,0.538,0.709,448,0,1.0,263.46,263.46,37.28,37.28,105.0,0.0,1.0,0.0,0.0,0.0,0.0,1.0,263.46,Sports,245.08,1.0,4,2,0,0,12.5,3.91,0.5,0.0,0.0,16,3.5,5.447916666666667,9,5,3,1,1,6,0.0625,0.3333333333333333,0.0,0.0,0.0,0.0,0,0
C00038,72,Non-binary,Austin,TX,Silver,Sports,Paid Social,1,0,0.795,0.609,226,0,1.0,370.75,370.75,54.78,54.78,128.0,0.0,1.0,0.0,0.0,0.0,0.0,1.0,370.75,Sports,344.88,1.0,6,1,0,1,18.333333333333332,5.32,0.16666666666666666,0.0,0.16666666666666666,9,4.111111111111111,6.303703703703704,6,3,2,1,1,17,0.1111111111111111,0.5,0.0,0.0,0.0,0.0,0,0
C00039,65,Female,Charlotte,NC,Unknown,Electronics,Direct,1,1,0.684,0.304,338,0,0.0,0.0,0.0,0.0,0.0,338.0,0.0,0.0,0.0,0.0,0.0,0.0,0.0,0.0,Unknown,0.0,0.0,8,4,0,0,13.125,4.785,0.5,0.0,0.0,4,3.75,5.183333333333334,2,2,1,0,0,120,0.0,0.0,0.0,0.0,0.0,0.0,1,0
C00040,35,Prefer not to say,Naperville,IL,Gold,Apparel,Referral,1,1,0.591,0.195,448,0,7.0,2829.12,404.15999999999997,451.72,64.53142857142858,56.0,309.0,0.6796116504854368,0.0,0.0,2.0,1563.76,3.0,1722.13,Apparel,1670.8999999999999,4.0,3,0,0,0,5.0,2.705,0.0,0.0,0.0,4,2.5,4.25,1,0,0,0,0,29,0.0,0.0,1.0,5.2,3.0,0.0,0,0
C00041,67,Male,Boulder,CO,Gold,Sports,Paid Social,1,1,0.209,0.683,692,0,8.0,2819.91,352.48875,237.02,29.6275,187.0,434.0,0.5529953917050692,0.0,0.0,0.0,0.0,0.0,0.0,Baby,922.78,6.0,12,6,2,1,13.75,9.545,0.5,0.16666666666666666,0.08333333333333333,18,4.888888888888889,9.032407407407408,13,9,8,5,5,74,0.2777777777777778,0.625,1.0,4.6,3.0,0.0,0,0
C00042,47,Female,Cambridge,MA,Gold,Sports,Affiliate,1,1,0.486,0.348,148,0,3.0,674.62,224.87333333333333,77.03,25.676666666666666,45.0,90.0,1.0,0.0,0.0,2.0,517.14,3.0,674.62,Apparel,322.14,3.0,6,1,0,0,17.5,5.84,0.16666666666666666,0.0,0.0,8,4.625,7.689583333333333,5,3,3,2,2,0,0.25,0.6666666666666666,0.0,0.0,0.0,0.0,0,0
C00043,33,Prefer not to say,Cambridge,MA,Silver,Sports,Affiliate,1,0,0.055,0.929,257,0,0.0,0.0,0.0,0.0,0.0,257.0,0.0,0.0,0.0,0.0,0.0,0.0,0.0,0.0,Unknown,0.0,0.0,10,7,3,0,11.5,9.4,0.7,0.3,0.0,13,4.846153846153846,8.198717948717949,7,6,6,4,4,2,0.3076923076923077,0.6666666666666666,0.0,0.0,0.0,0.0,1,0
C00044,34,Male,Chicago,IL,Gold,Beauty,Affiliate,1,0,0.195,0.885,149,0,1.0,786.65,786.65,71.53,71.53,11.0,0.0,1.0,1.0,786.65,1.0,786.65,1.0,786.65,Beauty,731.77,1.0,11,7,3,1,11.363636363636363,4.449999999999999,0.6363636363636364,0.2727272727272727,0.09090909090909091,11,4.181818181818182,7.763636363636365,7,3,4,2,2,3,0.18181818181818182,0.5,0.0,0.0,0.0,0.0,0,1
C00045,58,Non-binary,Orlando,FL,Unknown,Baby,Affiliate,1,1,0.437,0.815,835,0,5.0,496.18000000000006,99.23600000000002,46.74,9.348,112.0,703.0,0.21337126600284495,0.0,0.0,0.0,0.0,2.0,81.34,Baby,455.06000000000006,1.0,9,3,0,1,12.777777777777779,9.025,0.3333333333333333,0.0,0.1111111111111111,11,4.7272727272727275,6.833333333333334,6,5,6,4,4,130,0.36363636363636365,0.6666666666666666,0.0,0.0,0.0,0.0,0,0
C00046,68,Female,Scottsdale,AZ,Silver,Electronics,Affiliate,1,1,0.351,0.369,595,0,0.0,0.0,0.0,0.0,0.0,595.0,0.0,0.0,0.0,0.0,0.0,0.0,0.0,0.0,Unknown,0.0,0.0,9,2,0,0,15.0,9.065,0.2222222222222222,0.0,0.0,7,4.0,5.809523809523809,4,2,2,2,2,41,0.2857142857142857,1.0,0.0,0.0,0.0,0.0,1,0
C00047,46,Male,Boulder,CO,Gold,Electronics,Paid Social,0,1,0.27,0.754,425,0,2.0,509.08,254.54,32.67,16.335,202.0,30.0,2.0,0.0,0.0,0.0,0.0,0.0,0.0,Electronics,352.09999999999997,2.0,9,6,2,0,12.222222222222221,8.91,0.6666666666666666,0.2222222222222222,0.0,16,4.5,7.366666666666666,11,8,4,3,3,29,0.1875,0.75,0.0,0.0,0.0,0.0,1,0
C00048,39,Female,Charlotte,NC,Platinum,Grocery,Paid Social,1,0,0.137,0.355,566,0,15.0,4409.78,293.9853333333333,304.6,20.30666666666667,6.0,525.0,0.8571428571428571,2.0,550.3199999999999,3.0,625.5899999999999,5.0,1099.88,Electronics,1012.35,7.0,6,2,0,1,8.333333333333334,2.73,0.3333333333333333,0.0,0.16666666666666666,13,4.538461538461538,7.355128205128205,7,4,6,5,5,13,0.38461538461538464,0.8333333333333334,2.0,10.45,4.5,0.0,0,0
C00049,51,Female,Cambridge,MA,Gold,Home,Affiliate,1,1,0.239,0.51,234,0,1.0,79.24,79.24,11.14,11.14,162.0,0.0,1.0,0.0,0.0,0.0,0.0,1.0,79.24,Pet,73.71,1.0,4,2,1,0,20.0,2.235,0.5,0.25,0.0,14,4.428571428571429,6.780952380952381,8,7,7,2,2,12,0.14285714285714285,0.2857142857142857,0.0,0.0,0.0,0.0,0,0
C00050,51,Female,Buffalo,NY,Silver,Baby,Affiliate,1,1,0.535,0.708,728,0,6.0,1517.73,252.955,171.28,28.546666666666667,2.0,596.0,0.30201342281879195,1.0,19.23,2.0,173.73999999999998,2.0,173.73999999999998,Apparel,670.11,3.0,9,3,2,0,9.444444444444445,4.485,0.3333333333333333,0.2222222222222222,0.0,13,3.769230769230769,6.182051282051281,7,4,3,2,2,111,0.15384615384615385,0.6666666666666666,1.0,5.2,5.0,0.0,0,1
C00051,46,Prefer not to say,Orlando,FL,Unknown,Beauty,Referral,1,1,0.288,0.326,746,0,5.0,1766.04,353.20799999999997,226.69,45.338,22.0,668.0,0.22455089820359284,1.0,198.98,2.0,288.03,2.0,288.03,Beauty,776.84,3.0,4,2,0,0,11.25,4.32,0.5,0.0,0.0,9,3.888888888888889,6.546296296296296,4,4,4,1,1,14,0.1111111111111111,0.25,1.0,42.7,4.0,0.0,0,0
C00052,71,Prefer not to say,New York,NY,Unknown,Beauty,Paid Search,1,0,0.481,0.323,747,0,5.0,3476.8,695.36,435.65,87.13,273.0,458.0,0.32751091703056767,0.0,0.0,0.0,0.0,0.0,0.0,Beauty,2091.99,4.0,7,2,1,0,10.0,4.24,0.2857142857142857,0.14285714285714285,0.0,7,4.0,5.557142857142857,4,2,2,1,1,6,0.14285714285714285,0.5,0.0,0.0,0.0,0.0,1,0
C00053,71,Prefer not to say,Boston,MA,Platinum,Grocery,Direct,1,1,0.411,0.855,885,0,14.0,4083.89,291.70642857142855,666.19,47.585,12.0,859.0,0.4889406286379511,1.0,224.09,1.0,224.09,2.0,276.1,Grocery,1492.07,6.0,12,8,2,0,14.166666666666666,7.205,0.6666666666666666,0.16666666666666666,0.0,16,5.0625,8.742708333333333,10,8,9,6,6,34,0.375,0.6666666666666666,2.0,7.050000000000001,4.5,0.0,0,1
C00054,68,Prefer not to say,San Jose,CA,Silver,Beauty,Organic Search,1,1,0.511,0.85,831,0,15.0,4883.6900000000005,325.57933333333335,550.51,36.70066666666666,31.0,767.0,0.5867014341590613,0.0,0.0,2.0,429.5,3.0,652.69,Beauty,2839.65,5.0,9,4,2,0,4.444444444444445,8.55,0.4444444444444444,0.2222222222222222,0.0,17,4.588235294117647,7.277450980392157,11,10,6,3,3,163,0.17647058823529413,0.5,1.0,10.7,5.0,0.0,0,1
C00055,52,Female,San Francisco,CA,Unknown,Pet,Referral,1,1,0.588,0.738,364,0,1.0,478.27,478.27,80.68,80.68,17.0,0.0,1.0,1.0,478.27,1.0,478.27,1.0,478.27,Pet,444.9,1.0,4,1,1,0,12.5,3.855,0.25,0.25,0.0,16,4.1875,6.611458333333333,10,7,5,1,1,38,0.0625,0.2,0.0,0.0,0.0,0.0,0,1
C00056,52,Non-binary,Seattle,WA,Unknown,Grocery,Direct,1,0,0.541,0.797,530,0,2.0,535.26,267.63,47.54,23.77,288.0,139.0,0.4316546762589928,0.0,0.0,0.0,0.0,0.0,0.0,Electronics,326.26,2.0,7,1,0,0,14.285714285714286,3.385,0.14285714285714285,0.0,0.0,13,5.6923076923076925,10.723076923076924,9,9,8,6,6,74,0.46153846153846156,0.75,1.0,13.7,5.0,0.0,1,0
C00057,43,Prefer not to say,Orlando,FL,Unknown,Home,Organic Search,1,1,0.906,0.814,266,0,1.0,114.36,114.36,24.39,24.39,5.0,0.0,1.0,1.0,114.36,1.0,114.36,1.0,114.36,Home,106.38,1.0,11,4,2,2,10.909090909090908,7.07,0.36363636363636365,0.18181818181818182,0.18181818181818182,15,4.4,7.858888888888888,9,6,5,3,3,0,0.2,0.6,0.0,0.0,0.0,0.0,0,1
C00058,62,Prefer not to say,San Francisco,CA,Unknown,Grocery,Affiliate,1,1,0.403,0.651,547,0,2.0,211.25,105.625,43.5,21.75,105.0,113.0,0.5309734513274337,0.0,0.0,0.0,0.0,1.0,36.5,Grocery,162.56,2.0,8,3,0,0,8.75,4.6049999999999995,0.375,0.0,0.0,16,3.5,5.64375,7,6,4,2,2,6,0.125,0.5,0.0,0.0,0.0,0.0,0,0
C00059,40,Prefer not to say,Austin,TX,Silver,Beauty,Direct,0,1,0.806,0.526,478,0,4.0,1487.56,371.89,371.33,92.8325,40.0,227.0,0.5286343612334802,0.0,0.0,3.0,932.9799999999999,3.0,932.9799999999999,Beauty,1192.33,3.0,10,7,4,1,11.5,7.125,0.7,0.4,0.1,19,3.9473684210526314,6.066666666666666,9,8,7,2,2,3,0.10526315789473684,0.2857142857142857,0.0,0.0,0.0,0.0,0,0
C00060,68,Prefer not to say,Seattle,WA,Unknown,Electronics,Paid Search,1,0,0.258,0.86,467,0,1.0,107.99,107.99,11.47,11.47,340.0,0.0,1.0,0.0,0.0,0.0,0.0,0.0,0.0,Electronics,100.46,1.0,8,6,1,1,14.375,3.295,0.75,0.125,0.125,12,3.0833333333333335,4.844444444444444,3,2,3,1,1,50,0.08333333333333333,0.3333333333333333,0.0,0.0,0.0,0.0,1,0
C00061,25,Female,Chicago,IL,Silver,Electronics,Referral,1,0,0.401,0.501,537,0,3.0,1369.19,456.3966666666667,131.7,43.9,80.0,201.0,0.44776119402985076,0.0,0.0,1.0,173.83,2.0,1032.73,Electronics,960.6800000000001,2.0,4,1,0,0,13.75,2.65,0.25,0.0,0.0,13,3.769230769230769,6.101282051282051,7,6,3,0,0,111,0.0,0.0,0.0,0.0,0.0,0.0,0,0
C00062,63,Prefer not to say,Seattle,WA,Unknown,Baby,Direct,0,0,0.241,0.769,792,0,7.0,2271.95,324.5642857142857,177.42,25.345714285714283,125.0,664.0,0.31626506024096385,0.0,0.0,0.0,0.0,1.0,296.44,Baby,1081.6200000000001,5.0,12,6,2,0,8.75,10.24,0.5,0.16666666666666666,0.0,14,3.142857142857143,4.523809523809524,5,3,1,1,1,4,0.07142857142857142,1.0,1.0,7.7,4.0,0.0,0,0
C00063,30,Male,Chicago,IL,Unknown,Apparel,Referral,1,1,0.657,0.643,229,0,2.0,1688.53,844.265,364.45,182.225,28.0,129.0,0.46511627906976744,1.0,1023.26,1.0,1023.26,2.0,1688.53,Apparel,896.5699999999999,2.0,10,8,2,0,6.5,5.319999999999999,0.8,0.2,0.0,16,4.4375,6.879166666666666,10,9,7,2,2,13,0.125,0.2857142857142857,0.0,0.0,0.0,0.0,0,1
C00064,22,Male,Scottsdale,AZ,Unknown,Beauty,Direct,1,1,0.664,0.513,535,0,2.0,748.14,374.07,136.04000000000002,68.02000000000001,210.0,259.0,0.23166023166023167,0.0,0.0,0.0,0.0,0.0,0.0,Pet,343.11,3.0,7,4,0,0,7.857142857142857,4.285,0.5714285714285714,0.0,0.0,12,4.416666666666667,7.008333333333333,8,6,3,2,2,28,0.16666666666666666,0.6666666666666666,0.0,0.0,0.0,0.0,1,0
C00065,30,Non-binary,Chicago,IL,Gold,Beauty,Direct,1,1,0.298,0.62,383,0,2.0,528.63,264.315,57.33,28.665,130.0,133.0,0.45112781954887216,0.0,0.0,0.0,0.0,1.0,303.17,Beauty,282.02,2.0,10,1,0,2,8.5,5.574999999999999,0.1,0.0,0.2,13,5.230769230769231,9.464102564102564,10,7,8,4,4,10,0.3076923076923077,0.5,0.0,0.0,0.0,0.0,0,0
C00066,52,Non-binary,Orlando,FL,Unknown,Beauty,Referral,1,0,0.425,0.932,398,0,1.0,311.32,311.32,19.84,19.84,133.0,0.0,1.0,0.0,0.0,0.0,0.0,1.0,311.32,Beauty,289.6,1.0,12,6,2,2,12.5,10.235,0.5,0.16666666666666666,0.16666666666666666,16,4.375,6.95625,12,9,4,1,1,1,0.0625,0.25,0.0,0.0,0.0,0.0,0,0
C00067,40,Prefer not to say,Seattle,WA,Silver,Electronics,Paid Social,1,1,0.304,0.476,497,0,5.0,1375.27,275.054,141.96,28.392000000000003,140.0,345.0,0.43478260869565216,0.0,0.0,0.0,0.0,1.0,196.79,Electronics,890.0100000000001,3.0,6,2,1,1,13.333333333333334,4.35,0.3333333333333333,0.16666666666666666,0.16666666666666666,12,4.5,7.433333333333334,9,6,5,0,0,66,0.0,0.0,0.0,0.0,0.0,0.0,0,0
C00068,38,Male,Phoenix,AZ,Gold,Baby,Referral,0,1,0.471,0.733,665,0,6.0,1058.85,176.475,216.32,36.053333333333335,83.0,476.0,0.37815126050420167,0.0,0.0,1.0,125.9,2.0,138.57,Baby,369.95,3.0,12,7,3,1,14.166666666666666,10.12,0.5833333333333334,0.25,0.08333333333333333,8,3.375,4.54375,5,2,1,0,0,27,0.0,0.0,0.0,0.0,0.0,0.0,0,0
C00069,72,Female,Scottsdale,AZ,Platinum,Sports,Paid Search,0,0,0.671,0.256,597,0,14.0,4836.36,345.4542857142857,686.86,49.06142857142857,47.0,546.0,0.7692307692307693,0.0,0.0,1.0,1173.47,1.0,1173.47,Sports,2833.18,7.0,11,2,0,0,16.363636363636363,7.9350000000000005,0.18181818181818182,0.0,0.0,12,4.5,7.734722222222222,8,6,4,2,2,28,0.16666666666666666,0.5,1.0,18.2,3.0,0.0,0,0
C00070,61,Female,Chicago,IL,Platinum,Electronics,Organic Search,1,0,0.509,0.716,500,0,7.0,1597.52,228.21714285714285,389.8,55.68571428571429,167.0,250.0,0.84,0.0,0.0,0.0,0.0,1.0,35.11,Electronics,834.19,3.0,11,2,1,0,6.818181818181818,7.24,0.18181818181818182,0.09090909090909091,0.0,8,4.0,6.010416666666667,5,3,1,0,0,52,0.0,0.0,0.0,0.0,0.0,0.0,0,0
C00071,56,Male,Boulder,CO,Unknown,Beauty,Affiliate,1,1,0.32,0.371,565,0,0.0,0.0,0.0,0.0,0.0,565.0,0.0,0.0,0.0,0.0,0.0,0.0,0.0,0.0,Unknown,0.0,0.0,8,0,0,1,18.75,3.82,0.0,0.0,0.125,16,4.875,8.588541666666666,12,9,7,2,2,79,0.125,0.2857142857142857,0.0,0.0,0.0,0.0,1,0
C00072,64,Female,Tacoma,WA,Unknown,Baby,Paid Social,0,0,0.42,0.618,281,0,0.0,0.0,0.0,0.0,0.0,281.0,0.0,0.0,0.0,0.0,0.0,0.0,0.0,0.0,Unknown,0.0,0.0,6,4,2,0,10.833333333333334,2.3850000000000002,0.6666666666666666,0.3333333333333333,0.0,12,3.8333333333333335,6.038888888888889,7,5,1,1,1,0,0.08333333333333333,1.0,0.0,0.0,0.0,0.0,1,0
C00073,44,Prefer not to say,Charlotte,NC,Gold,Electronics,Direct,1,1,0.474,0.36,320,0,5.0,1499.19,299.838,223.54000000000002,44.708000000000006,129.0,161.0,0.9316770186335405,0.0,0.0,0.0,0.0,1.0,565.9,Electronics,731.91,4.0,4,3,1,0,3.75,2.415,0.75,0.25,0.0,11,4.909090909090909,7.090909090909091,6,3,6,5,5,39,0.45454545454545453,0.8333333333333334,0.0,0.0,0.0,0.0,0,0
C00074,33,Non-binary,Scottsdale,AZ,Silver,Grocery,Paid Search,0,0,0.419,0.793,580,0,3.0,406.57,135.52333333333334,59.32000000000001,19.773333333333337,172.0,281.0,0.32028469750889677,0.0,0.0,0.0,0.0,1.0,54.62,Grocery,378.20000000000005,1.0,11,6,2,1,13.636363636363637,5.525,0.5454545454545454,0.18181818181818182,0.09090909090909091,14,4.785714285714286,8.558333333333334,10,6,6,5,5,3,0.35714285714285715,0.8333333333333334,0.0,0.0,0.0,0.0,0,1
C00075,63,Female,Buffalo,NY,Unknown,Baby,Referral,1,0,0.528,0.778,617,0,5.0,2533.02,506.604,284.01,56.802,231.0,383.0,0.39164490861618795,0.0,0.0,0.0,0.0,0.0,0.0,Beauty,1068.56,5.0,4,0,0,2,6.25,4.4399999999999995,0.0,0.0,0.5,13,5.3076923076923075,8.62948717948718,9,7,7,5,5,0,0.38461538461538464,0.7142857142857143,0.0,0.0,0.0,0.0,1,0
C00076,44,Non-binary,Buffalo,NY,Unknown,Apparel,Organic Search,1,1,0.234,0.582,693,0,3.0,783.72,261.24,84.99000000000001,28.330000000000002,304.0,260.0,0.3461538461538462,0.0,0.0,0.0,0.0,0.0,0.0,Apparel,475.76,3.0,3,2,1,1,23.333333333333332,2.06,0.6666666666666666,0.3333333333333333,0.3333333333333333,14,4.5,7.372619047619048,9,7,5,3,3,95,0.21428571428571427,0.6,0.0,0.0,0.0,0.0,1,0
C00077,20,Male,Orlando,FL,Silver,Baby,Paid Search,0,1,0.407,0.285,349,0,1.0,137.85,137.85,15.08,15.08,2.0,0.0,1.0,1.0,137.85,1.0,137.85,1.0,137.85,Baby,128.23,1.0,4,0,0,0,11.25,1.5899999999999999,0.0,0.0,0.0,10,3.5,5.241666666666666,3,3,3,2,2,3,0.2,0.6666666666666666,0.0,0.0,0.0,0.0,0,0
C00078,28,Prefer not to say,Scottsdale,AZ,Gold,Apparel,Direct,1,0,0.54,0.89,506,0,4.0,1504.06,376.015,280.39,70.0975,147.0,194.0,0.6185567010309279,0.0,0.0,0.0,0.0,3.0,1430.87,Beauty,809.22,3.0,11,5,2,1,13.181818181818182,8.565,0.45454545454545453,0.18181818181818182,0.09090909090909091,17,4.352941176470588,6.631372549019608,9,8,7,4,4,15,0.23529411764705882,0.5714285714285714,0.0,0.0,0.0,0.0,0,0
C00079,26,Prefer not to say,Raleigh,NC,Unknown,Pet,Paid Search,1,1,0.118,0.481,610,0,1.0,139.51,139.51,9.96,9.96,61.0,0.0,1.0,0.0,0.0,1.0,139.51,1.0,139.51,Home,129.78,1.0,5,2,1,1,10.0,3.09,0.4,0.2,0.2,13,4.0,6.151282051282052,8,4,3,3,3,10,0.23076923076923078,1.0,0.0,0.0,0.0,0.0,0,0
C00080,61,Non-binary,Seattle,WA,Unknown,Apparel,Direct,0,1,0.678,0.457,455,0,1.0,254.85,254.85,25.72,25.72,149.0,0.0,1.0,0.0,0.0,0.0,0.0,1.0,254.85,Pet,237.07,1.0,7,2,0,1,10.0,5.55,0.2857142857142857,0.0,0.14285714285714285,11,4.090909090909091,7.28939393939394,5,5,4,2,2,19,0.18181818181818182,0.5,0.0,0.0,0.0,0.0,0,0
C00081,61,Female,Buffalo,NY,Gold,Beauty,Affiliate,1,1,0.375,0.483,283,0,1.0,294.61,294.61,12.2,12.2,18.0,0.0,1.0,1.0,294.61,1.0,294.61,1.0,294.61,Apparel,274.06,1.0,6,1,0,0,10.833333333333334,4.635,0.16666666666666666,0.0,0.0,10,4.0,6.0183333333333335,5,4,5,1,1,74,0.1,0.2,0.0,0.0,0.0,0.0,0,0
C00082,50,Prefer not to say,Austin,TX,Platinum,Pet,Referral,1,1,0.634,0.29,335,0,7.0,2358.62,336.94571428571425,637.79,91.11285714285714,121.0,178.0,1.1797752808988764,0.0,0.0,0.0,0.0,2.0,500.63,Apparel,1270.8,4.0,8,2,1,0,16.875,3.045,0.25,0.125,0.0,8,4.0,4.358333333333333,4,4,2,1,1,7,0.125,0.5,1.0,3.3,4.0,0.0,0,0
C00083,21,Female,San Francisco,CA,Unknown,Apparel,Organic Search,1,1,0.428,0.708,335,0,2.0,285.47999999999996,142.73999999999998,24.9,12.45,72.0,55.0,1.090909090909091,0.0,0.0,1.0,20.15,2.0,285.47999999999996,Home,259.06,1.0,10,2,0,0,12.5,6.455,0.2,0.0,0.0,20,4.9,7.472499999999999,15,12,11,3,3,0,0.15,0.2727272727272727,0.0,0.0,0.0,0.0,0,0
C00084,43,Male,Boston,MA,Silver,Sports,Organic Search,1,0,0.54,0.654,774,0,5.0,930.45,186.09,170.93,34.186,13.0,505.0,0.29702970297029707,1.0,353.16,1.0,353.16,2.0,582.45,Sports,613.5699999999999,3.0,8,2,0,2,16.25,5.375,0.25,0.0,0.25,14,5.142857142857143,9.510714285714286,9,5,9,6,6,167,0.42857142857142855,0.6666666666666666,0.0,0.0,0.0,0.0,0,1
C00085,20,Prefer not to say,Denver,CO,Silver,Sports,Paid Search,1,1,0.684,0.731,438,0,3.0,833.35,277.78333333333336,167.54000000000002,55.84666666666667,73.0,359.0,0.25069637883008355,0.0,0.0,1.0,440.76,1.0,440.76,Sports,474.21,3.0,8,3,2,0,10.625,4.175,0.375,0.25,0.0,11,3.909090909090909,5.627272727272727,7,3,3,2,2,50,0.18181818181818182,0.6666666666666666,1.0,9.7,4.0,0.0,0,0
C00086,33,Non-binary,Denver,CO,Gold,Electronics,Direct,1,1,0.416,0.431,673,0,6.0,2065.74,344.28999999999996,232.54,38.75666666666667,3.0,608.0,0.2960526315789474,1.0,182.26,1.0,182.26,1.0,182.26,Electronics,1415.56,4.0,5,1,0,0,13.0,3.5,0.2,0.0,0.0,4,3.5,4.266666666666667,1,0,1,1,1,19,0.25,1.0,1.0,23.0,4.0,0.0,0,0
C00087,42,Male,Los Angeles,CA,Unknown,Beauty,Referral,1,1,0.572,0.766,631,0,2.0,468.14,234.07,66.22999999999999,33.114999999999995,58.0,293.0,0.20477815699658702,0.0,0.0,1.0,273.86,1.0,273.86,Grocery,435.48,1.0,10,3,1,1,9.0,5.705,0.3,0.1,0.1,14,4.428571428571429,7.585714285714286,8,7,7,3,3,11,0.21428571428571427,0.42857142857142855,0.0,0.0,0.0,0.0,0,1
C00088,72,Non-binary,Miami,FL,Unknown,Electronics,Affiliate,1,1,0.503,0.351,188,0,0.0,0.0,0.0,0.0,0.0,188.0,0.0,0.0,0.0,0.0,0.0,0.0,0.0,0.0,Unknown,0.0,0.0,8,5,0,0,11.25,2.445,0.625,0.0,0.0,11,4.454545454545454,6.718181818181818,7,5,5,3,3,9,0.2727272727272727,0.6,0.0,0.0,0.0,0.0,1,0
C00089,48,Male,Boston,MA,Unknown,Electronics,Referral,0,1,0.623,0.949,638,0,3.0,1668.9099999999999,556.3033333333333,300.05999999999995,100.01999999999998,101.0,485.0,0.18556701030927833,0.0,0.0,0.0,0.0,1.0,477.72,Electronics,659.65,3.0,11,4,2,3,10.909090909090908,9.465,0.36363636363636365,0.18181818181818182,0.2727272727272727,21,4.476190476190476,6.35,11,7,10,7,7,4,0.3333333333333333,0.7,0.0,0.0,0.0,0.0,0,0
C00090,20,Male,Boston,MA,Silver,Grocery,Organic Search,1,0,0.232,0.853,623,0,6.0,1427.71,237.95166666666668,140.99,23.498333333333335,9.0,602.0,0.29900332225913623,1.0,529.25,1.0,529.25,1.0,529.25,Home,494.58,5.0,8,4,1,0,13.75,5.34,0.5,0.125,0.0,18,4.166666666666667,5.649074074074075,9,5,4,3,3,5,0.16666666666666666,0.75,0.0,0.0,0.0,0.0,0,1
C00091,64,Prefer not to say,Cambridge,MA,Silver,Pet,Paid Search,1,1,0.221,0.787,319,0,1.0,400.02,400.02,26.72,26.72,122.0,0.0,1.0,0.0,0.0,0.0,0.0,1.0,400.02,Pet,372.11,1.0,8,8,5,3,9.375,4.97,1.0,0.625,0.375,13,3.8461538461538463,6.235897435897436,6,6,3,2,2,11,0.15384615384615385,0.6666666666666666,0.0,0.0,0.0,0.0,0,0
C00092,31,Prefer not to say,Boulder,CO,Silver,Electronics,Organic Search,1,0,0.805,0.738,769,0,5.0,1509.27,301.854,343.38,68.676,100.0,583.0,0.25728987993138935,0.0,0.0,0.0,0.0,1.0,292.02,Sports,549.8299999999999,4.0,6,2,1,1,9.166666666666666,2.79,0.3333333333333333,0.16666666666666666,0.16666666666666666,13,5.076923076923077,8.843589743589744,12,9,6,1,1,18,0.07692307692307693,0.16666666666666666,0.0,0.0,0.0,0.0,0,0
C00093,61,Prefer not to say,Phoenix,AZ,Unknown,Electronics,Organic Search,0,1,0.421,0.913,281,0,0.0,0.0,0.0,0.0,0.0,281.0,0.0,0.0,0.0,0.0,0.0,0.0,0.0,0.0,Unknown,0.0,0.0,16,7,2,0,10.9375,9.54,0.4375,0.125,0.0,20,4.85,8.395,14,9,8,6,6,3,0.3,0.75,0.0,0.0,0.0,0.0,1,0
C00094,66,Female,New York,NY,Unknown,Apparel,Referral,1,1,0.495,0.579,666,0,6.0,1551.49,258.58166666666665,260.61,43.435,212.0,428.0,0.4205607476635514,0.0,0.0,0.0,0.0,0.0,0.0,Sports,542.95,5.0,2,0,0,0,15.0,2.05,0.0,0.0,0.0,15,5.066666666666666,9.766666666666667,11,9,9,3,3,0,0.2,0.3333333333333333,0.0,0.0,0.0,0.0,1,0
C00095,74,Prefer not to say,San Francisco,CA,Unknown,Home,Organic Search,0,0,0.332,0.769,855,0,2.0,178.3,89.15,33.25,16.625,301.0,386.0,0.15544041450777202,0.0,0.0,0.0,0.0,0.0,0.0,Home,159.36,1.0,11,4,1,2,9.545454545454545,7.555,0.36363636363636365,0.09090909090909091,0.18181818181818182,19,4.2631578947368425,6.842982456140351,11,6,6,3,3,83,0.15789473684210525,0.5,0.0,0.0,0.0,0.0,1,0
C00096,37,Male,Denver,CO,Unknown,Electronics,Affiliate,1,1,0.806,0.182,625,0,3.0,759.4300000000001,253.14333333333335,166.53,55.51,45.0,481.0,0.1871101871101871,0.0,0.0,1.0,48.85,2.0,298.96000000000004,Electronics,428.34000000000003,4.0,8,4,1,1,6.875,5.904999999999999,0.5,0.125,0.125,4,3.25,5.525,2,1,0,0,0,89,0.0,0.0,0.0,0.0,0.0,0.0,0,0
C00097,56,Prefer not to say,Naperville,IL,Silver,Beauty,Organic Search,1,0,0.887,0.68,359,0,2.0,991.59,495.795,195.91,97.955,133.0,140.0,0.42857142857142855,0.0,0.0,0.0,0.0,1.0,962.82,Beauty,542.92,3.0,10,5,2,3,17.5,5.02,0.5,0.2,0.3,11,3.8181818181818183,6.034848484848485,5,4,4,1,1,8,0.09090909090909091,0.25,0.0,0.0,0.0,0.0,0,0
C00098,58,Male,Scottsdale,AZ,Gold,Sports,Paid Social,1,1,0.375,0.836,451,0,3.0,923.48,307.82666666666665,104.24,34.74666666666666,3.0,245.0,0.3673469387755102,1.0,750.4,1.0,750.4,2.0,890.49,Electronics,698.05,3.0,12,7,5,0,10.833333333333334,8.695,0.5833333333333334,0.4166666666666667,0.0,17,4.470588235294118,7.959803921568628,11,5,8,5,5,113,0.29411764705882354,0.625,0.0,0.0,0.0,0.0,0,1
C00099,56,Non-binary,Scottsdale,AZ,Silver,Apparel,Organic Search,1,1,0.264,0.857,597,0,7.0,2219.46,317.0657142857143,86.89,12.412857142857144,5.0,428.0,0.49065420560747663,1.0,83.45,1.0,83.45,2.0,482.45,Electronics,999.91,6.0,12,5,2,0,10.0,10.645,0.4166666666666667,0.16666666666666666,0.0,17,5.176470588235294,9.925490196078432,13,12,7,5,5,7,0.29411764705882354,0.7142857142857143,0.0,0.0,0.0,0.0,0,1
C00100,44,Non-binary,Boulder,CO,Unknown,Pet,Organic Search,1,0,0.604,0.829,826,0,3.0,604.02,201.34,97.92,32.64,380.0,329.0,0.2735562310030395,0.0,0.0,0.0,0.0,0.0,0.0,Pet,561.88,1.0,9,4,3,1,13.333333333333334,5.325,0.4444444444444444,0.3333333333333333,0.1111111111111111,19,3.8947368421052633,6.5508771929824565,8,5,8,5,5,13,0.2631578947368421,0.625,0.0,0.0,0.0,0.0,1,0
C00101,37,Non-binary,Phoenix,AZ,Unknown,Pet,Referral,1,0,0.932,0.451,174,0,0.0,0.0,0.0,0.0,0.0,174.0,0.0,0.0,0.0,0.0,0.0,0.0,0.0,0.0,Unknown,0.0,0.0,8,3,0,0,8.75,4.365,0.375,0.0,0.0,7,4.571428571428571,7.330952380952381,5,3,3,2,2,18,0.2857142857142857,0.6666666666666666,0.0,0.0,0.0,0.0,0,0
C00102,71,Female,Tacoma,WA,Unknown,Baby,Direct,1,0,0.25,0.838,586,0,3.0,1038.72,346.24,101.41999999999999,33.806666666666665,185.0,224.0,0.4017857142857143,0.0,0.0,0.0,0.0,0.0,0.0,Baby,521.56,2.0,13,9,5,1,16.153846153846153,10.235,0.6923076923076923,0.38461538461538464,0.07692307692307693,15,4.933333333333334,8.147777777777778,10,8,9,2,2,4,0.13333333333333333,0.2222222222222222,0.0,0.0,0.0,0.0,0,1
C00103,23,Female,Seattle,WA,Unknown,Sports,Direct,1,1,0.422,0.487,665,0,2.0,1337.23,668.615,185.15,92.575,16.0,597.0,0.10050251256281408,1.0,220.86,1.0,220.86,1.0,220.86,Sports,802.71,3.0,7,1,1,0,13.571428571428571,3.23,0.14285714285714285,0.14285714285714285,0.0,10,4.9,7.061666666666667,6,6,5,3,3,54,0.3,0.6,0.0,0.0,0.0,0.0,0,0
C00104,61,Male,San Francisco,CA,Unknown,Sports,Organic Search,1,1,0.143,0.739,285,0,1.0,351.62,351.62,10.72,10.72,274.0,0.0,1.0,0.0,0.0,0.0,0.0,0.0,0.0,Sports,327.09,1.0,9,6,1,0,14.444444444444445,5.81,0.6666666666666666,0.1111111111111111,0.0,12,4.25,5.963888888888889,9,4,4,1,1,3,0.08333333333333333,0.25,0.0,0.0,0.0,0.0,1,0
C00105,22,Non-binary,Austin,TX,Unknown,Beauty,Direct,1,0,0.261,0.36,825,0,3.0,553.8299999999999,184.60999999999999,63.2,21.066666666666666,60.0,742.0,0.12129380053908355,0.0,0.0,1.0,233.31,1.0,233.31,Beauty,461.4,2.0,2,0,0,0,7.5,1.92,0.0,0.0,0.0,10,3.1,4.41,3,3,2,0,0,26,0.0,0.0,0.0,0.0,0.0,0.0,0,0
C00106,60,Prefer not to say,Dallas,TX,Unknown,Beauty,Organic Search,1,0,0.603,0.481,249,0,0.0,0.0,0.0,0.0,0.0,249.0,0.0,0.0,0.0,0.0,0.0,0.0,0.0,0.0,Unknown,0.0,0.0,11,5,1,2,12.727272727272727,9.35,0.45454545454545453,0.09090909090909091,0.18181818181818182,17,4.117647058823529,6.840196078431372,11,6,5,2,2,22,0.11764705882352941,0.4,0.0,0.0,0.0,0.0,1,0
C00107,34,Prefer not to say,Raleigh,NC,Silver,Electronics,Affiliate,1,1,0.467,0.36,452,0,5.0,1121.78,224.356,160.91,32.182,165.0,200.0,0.75,0.0,0.0,0.0,0.0,1.0,286.01,Electronics,961.15,2.0,7,3,1,0,10.0,3.165,0.42857142857142855,0.14285714285714285,0.0,8,3.625,4.554166666666666,4,2,1,1,1,66,0.125,1.0,0.0,0.0,0.0,0.0,0,0
C00108,37,Female,Chicago,IL,Silver,Baby,Paid Social,1,1,0.446,0.848,796,0,1.0,73.8,73.8,12.45,12.45,384.0,0.0,1.0,0.0,0.0,0.0,0.0,0.0,0.0,Baby,68.65,1.0,10,4,2,0,13.5,10.51,0.4,0.2,0.0,19,4.842105263157895,8.094736842105263,12,9,10,7,7,110,0.3684210526315789,0.7,0.0,0.0,0.0,0.0,1,0
C00109,57,Female,Raleigh,NC,Gold,Sports,Organic Search,1,1,0.438,0.607,484,0,6.0,1871.09,311.8483333333333,224.42000000000002,37.403333333333336,4.0,321.0,0.5607476635514019,1.0,264.98,2.0,538.58,3.0,668.1800000000001,Beauty,634.24,5.0,6,1,0,1,18.333333333333332,5.89,0.16666666666666666,0.0,0.16666666666666666,7,5.142857142857143,9.271428571428572,6,5,3,1,1,100,0.14285714285714285,0.3333333333333333,0.0,0.0,0.0,0.0,0,1
C00110,36,Male,Boulder,CO,Silver,Baby,Affiliate,1,0,0.335,0.836,519,0,4.0,482.93,120.7325,64.01,16.0025,205.0,263.0,0.4562737642585551,0.0,0.0,0.0,0.0,0.0,0.0,Home,305.06,2.0,5,3,1,2,13.0,1.94,0.6,0.2,0.4,17,4.9411764705882355,7.6686274509803924,12,10,7,4,4,8,0.23529411764705882,0.5714285714285714,0.0,0.0,0.0,0.0,1,0
C00111,59,Male,Boulder,CO,Gold,Home,Organic Search,1,1,0.239,0.598,350,0,7.0,2543.8,363.40000000000003,220.95999999999998,31.565714285714282,3.0,324.0,0.6481481481481481,2.0,635.41,3.0,900.71,5.0,1395.26,Home,1200.38,5.0,8,1,0,2,10.0,6.075,0.125,0.0,0.25,11,4.454545454545454,7.168181818181818,5,5,5,4,4,38,0.36363636363636365,0.8,0.0,0.0,0.0,0.0,0,1
C00112,26,Male,Phoenix,AZ,Unknown,Home,Organic Search,1,1,0.471,0.421,823,0,4.0,1391.38,347.845,118.37,29.5925,358.0,465.0,0.25806451612903225,0.0,0.0,0.0,0.0,0.0,0.0,Home,872.41,3.0,4,0,0,0,8.75,5.22,0.0,0.0,0.0,11,4.545454545454546,8.146969696969698,8,5,4,1,1,204,0.09090909090909091,0.25,1.0,10.6,5.0,0.0,0,0
C00113,73,Male,Denver,CO,Gold,Apparel,Paid Search,1,1,0.188,0.31,301,0,4.0,1415.5800000000002,353.89500000000004,122.41,30.6025,18.0,280.0,0.42857142857142855,1.0,66.2,2.0,703.1600000000001,3.0,791.5100000000001,Grocery,674.71,2.0,11,1,0,0,10.454545454545455,8.205,0.09090909090909091,0.0,0.0,9,3.7777777777777777,4.803703703703704,3,3,4,2,2,3,0.2222222222222222,0.5,0.0,0.0,0.0,0.0,0,0
C00114,74,Non-binary,Cambridge,MA,Silver,Apparel,Referral,1,1,0.838,0.562,659,0,8.0,3085.21,385.65125,730.63,91.32875,21.0,487.0,0.4928131416837782,2.0,539.35,2.0,539.35,4.0,1590.4,Apparel,1207.94,4.0,8,4,0,0,12.5,4.005,0.5,0.0,0.0,9,3.7777777777777777,5.550000000000001,4,2,3,2,2,53,0.2222222222222222,0.6666666666666666,0.0,0.0,0.0,0.0,0,1
C00115,38,Non-binary,Dallas,TX,Unknown,Baby,Affiliate,1,1,0.345,0.302,162,0,2.0,421.55,210.775,50.870000000000005,25.435000000000002,28.0,13.0,2.0,1.0,404.22,2.0,421.55,2.0,421.55,Apparel,300.06,3.0,9,1,0,0,13.88888888888889,5.99,0.1111111111111111,0.0,0.0,16,3.1875,5.153125,7,4,3,0,0,9,0.0,0.0,0.0,0.0,0.0,0.0,0,0
C00116,37,Male,Naperville,IL,Unknown,Electronics,Organic Search,1,1,0.175,0.223,416,0,1.0,196.45,196.45,17.09,17.09,103.0,0.0,1.0,0.0,0.0,0.0,0.0,1.0,196.45,Sports,182.74,1.0,6,3,0,1,10.833333333333334,6.21,0.5,0.0,0.16666666666666666,8,3.75,5.895833333333333,5,2,2,1,1,69,0.125,0.5,0.0,0.0,0.0,0.0,0,0
C00117,51,Prefer not to say,Miami,FL,Platinum,Apparel,Organic Search,1,0,0.664,0.676,532,0,8.0,2277.14,284.6425,536.6400000000001,67.08000000000001,20.0,488.0,0.49180327868852464,2.0,697.55,2.0,697.55,4.0,1205.98,Apparel,1040.76,5.0,9,5,2,2,15.0,7.55,0.5555555555555556,0.2222222222222222,0.2222222222222222,19,3.8947368421052633,6.654385964912281,10,7,7,2,2,41,0.10526315789473684,0.2857142857142857,0.0,0.0,0.0,0.0,0,1
C00118,27,Female,Miami,FL,Silver,Pet,Affiliate,1,1,0.715,0.891,480,0,4.0,1013.55,253.3875,194.19,48.5475,293.0,180.0,0.6666666666666666,0.0,0.0,0.0,0.0,0.0,0.0,Apparel,408.02,3.0,8,3,2,0,15.625,7.699999999999999,0.375,0.25,0.0,18,3.8333333333333335,5.562962962962963,10,8,5,2,2,8,0.1111111111111111,0.4,0.0,0.0,0.0,0.0,0,0
C00119,56,Non-binary,New York,NY,Unknown,Beauty,Direct,0,1,0.719,0.414,173,0,0.0,0.0,0.0,0.0,0.0,173.0,0.0,0.0,0.0,0.0,0.0,0.0,0.0,0.0,Unknown,0.0,0.0,6,1,0,0,14.166666666666666,4.22,0.16666666666666666,0.0,0.0,6,5.0,8.672222222222222,4,4,2,2,2,19,0.3333333333333333,1.0,0.0,0.0,0.0,0.0,0,0
C00120,51,Female,Boulder,CO,Gold,Sports,Paid Social,1,0,0.161,0.579,291,0,2.0,614.47,307.235,32.64,16.32,36.0,121.0,0.49586776859504134,0.0,0.0,1.0,336.4,2.0,614.47,Apparel,312.93,3.0,9,5,2,1,15.0,6.885,0.5555555555555556,0.2222222222222222,0.1111111111111111,15,4.533333333333333,7.843333333333334,12,9,4,1,1,26,0.06666666666666667,0.25,1.0,5.0,3.0,0.0,0,1
C00121,44,Prefer not to say,Cambridge,MA,Silver,Beauty,Organic Search,1,1,0.887,0.66,330,0,1.0,56.54,56.54,25.26,25.26,40.0,0.0,1.0,0.0,0.0,1.0,56.54,1.0,56.54,Apparel,52.6,1.0,4,2,0,0,12.5,3.205,0.5,0.0,0.0,16,4.1875,6.29375,10,5,5,2,2,29,0.125,0.4,0.0,0.0,0.0,0.0,0,1
C00122,22,Non-binary,Tacoma,WA,Gold,Home,Direct,0,1,0.32,0.29,756,0,10.0,2938.98,293.898,323.73,32.373000000000005,86.0,625.0,0.48000000000000004,0.0,0.0,1.0,668.8,2.0,1057.3,Baby,860.24,7.0,6,1,0,1,9.166666666666666,3.635,0.16666666666666666,0.0,0.16666666666666666,8,4.75,7.629166666666666,5,4,3,2,2,35,0.25,0.6666666666666666,0.0,0.0,0.0,0.0,0,0
C00123,51,Non-binary,Austin,TX,Unknown,Home,Paid Social,1,0,0.583,0.856,662,0,4.0,1726.62,431.655,277.7,69.425,15.0,477.0,0.25157232704402516,1.0,374.58,1.0,374.58,1.0,374.58,Home,724.49,5.0,11,6,2,1,13.636363636363637,7.96,0.5454545454545454,0.18181818181818182,0.09090909090909091,20,4.3,6.885833333333333,16,7,5,2,2,41,0.1,0.4,1.0,3.1,4.0,0.0,0,1
C00124,28,Non-binary,Austin,TX,Unknown,Electronics,Paid Social,1,0,0.396,0.889,637,0,5.0,1249.71,249.942,79.43,15.886000000000001,60.0,551.0,0.27223230490018147,0.0,0.0,1.0,225.95,1.0,225.95,Electronics,553.45,3.0,9,7,1,2,10.0,6.995,0.7777777777777778,0.1111111111111111,0.2222222222222222,15,4.133333333333334,6.258888888888889,6,5,6,5,5,3,0.3333333333333333,0.8333333333333334,0.0,0.0,0.0,0.0,0,0
C00125,65,Prefer not to say,Austin,TX,Gold,Electronics,Paid Social,1,0,0.258,0.49,222,0,2.0,650.64,325.32,105.05,52.525,42.0,124.0,0.48387096774193544,0.0,0.0,1.0,367.74,2.0,650.64,Grocery,342.08,2.0,11,6,0,1,15.909090909090908,8.79,0.5454545454545454,0.0,0.09090909090909091,12,4.916666666666667,8.487499999999999,11,5,4,2,2,13,0.16666666666666666,0.5,1.0,14.2,5.0,0.0,0,0
C00126,73,Non-binary,Tacoma,WA,Unknown,Grocery,Paid Social,1,1,0.619,0.648,585,0,4.0,1036.15,259.0375,230.64,57.66,29.0,337.0,0.3560830860534125,1.0,200.3,1.0,200.3,2.0,295.71000000000004,Electronics,524.84,2.0,14,5,3,4,18.214285714285715,11.16,0.35714285714285715,0.21428571428571427,0.2857142857142857,16,4.3125,6.892708333333333,10,7,6,2,2,27,0.125,0.3333333333333333,0.0,0.0,0.0,0.0,0,1
C00127,62,Female,Buffalo,NY,Silver,Apparel,Organic Search,1,1,0.702,0.675,535,0,4.0,1095.3,273.825,171.35999999999999,42.839999999999996,39.0,475.0,0.25263157894736843,0.0,0.0,1.0,80.45,1.0,80.45,Home,671.46,2.0,8,2,0,2,11.25,6.21,0.25,0.0,0.25,15,4.0,5.6033333333333335,8,6,4,2,2,11,0.13333333333333333,0.5,0.0,0.0,0.0,0.0,0,1
C00128,47,Female,Seattle,WA,Gold,Pet,Affiliate,1,0,0.584,0.487,157,0,2.0,446.09000000000003,223.04500000000002,53.040000000000006,26.520000000000003,7.0,129.0,0.46511627906976744,1.0,307.94,1.0,307.94,2.0,446.09000000000003,Pet,363.46,2.0,12,3,1,2,13.75,11.625,0.25,0.08333333333333333,0.16666666666666666,13,4.538461538461538,7.471794871794871,7,3,7,5,5,5,0.38461538461538464,0.7142857142857143,0.0,0.0,0.0,0.0,0,0
C00129,38,Prefer not to say,Charlotte,NC,Unknown,Sports,Affiliate,1,0,0.7,0.826,836,0,4.0,2081.45,520.3625,405.99,101.4975,260.0,291.0,0.4123711340206186,0.0,0.0,0.0,0.0,0.0,0.0,Sports,1152.92,4.0,7,5,2,0,14.285714285714286,6.435,0.7142857142857143,0.2857142857142857,0.0,15,4.266666666666667,6.835555555555556,7,5,6,4,4,35,0.26666666666666666,0.6666666666666666,0.0,0.0,0.0,0.0,1,0
C00130,43,Female,Tacoma,WA,Silver,Home,Paid Social,1,1,0.309,0.495,450,0,5.0,1142.77,228.554,93.46000000000001,18.692,3.0,385.0,0.3896103896103896,1.0,415.24,1.0,415.24,2.0,673.8199999999999,Home,664.0999999999999,3.0,4,1,0,0,17.5,3.56,0.25,0.0,0.0,8,4.25,7.077083333333333,4,3,4,1,1,49,0.125,0.25,0.0,0.0,0.0,0.0,0,0
C00131,59,Female,Scottsdale,AZ,Unknown,Pet,Organic Search,1,1,0.563,0.488,498,0,2.0,820.72,410.36,104.17,52.085,358.0,88.0,0.6818181818181819,0.0,0.0,0.0,0.0,0.0,0.0,Pet,763.46,1.0,5,2,0,0,9.0,3.93,0.4,0.0,0.0,14,4.357142857142857,7.470238095238096,9,7,7,1,1,41,0.07142857142857142,0.14285714285714285,1.0,4.8,4.0,0.0,1,0
C00132,43,Prefer not to say,Phoenix,AZ,Unknown,Home,Referral,1,1,0.832,0.516,251,0,0.0,0.0,0.0,0.0,0.0,251.0,0.0,0.0,0.0,0.0,0.0,0.0,0.0,0.0,Unknown,0.0,0.0,5,2,1,1,18.0,3.4299999999999997,0.4,0.2,0.2,13,3.923076923076923,7.098717948717948,7,5,5,2,2,15,0.15384615384615385,0.4,0.0,0.0,0.0,0.0,1,0
C00133,30,Male,Miami,FL,Silver,Baby,Referral,1,1,0.676,0.734,693,0,8.0,2002.52,250.315,406.29,50.78625,41.0,647.0,0.37094281298299847,0.0,0.0,2.0,556.1500000000001,3.0,980.85,Pet,772.87,5.0,11,7,4,2,13.181818181818182,5.335,0.6363636363636364,0.36363636363636365,0.18181818181818182,18,4.333333333333333,6.797222222222222,10,7,7,5,5,35,0.2777777777777778,0.7142857142857143,0.0,0.0,0.0,0.0,0,1
C00134,51,Non-binary,Phoenix,AZ,Silver,Grocery,Paid Search,1,0,0.541,0.958,355,0,4.0,1165.4499999999998,291.36249999999995,179.70999999999998,44.927499999999995,168.0,94.0,1.2765957446808511,0.0,0.0,0.0,0.0,1.0,636.66,Grocery,649.72,3.0,14,11,6,3,11.428571428571429,8.629999999999999,0.7857142857142857,0.42857142857142855,0.21428571428571427,11,4.7272727272727275,7.956060606060606,6,3,5,5,5,4,0.45454545454545453,1.0,1.0,3.2,5.0,0.0,0,0
C00135,65,Non-binary,Denver,CO,Unknown,Electronics,Direct,1,0,0.616,0.696,640,0,4.0,1278.04,319.51,208.2,52.05,254.0,212.0,0.5660377358490566,0.0,0.0,0.0,0.0,0.0,0.0,Electronics,1072.75,2.0,9,6,3,1,14.444444444444445,6.465,0.6666666666666666,0.3333333333333333,0.1111111111111111,13,4.0,7.4743589743589745,6,4,3,2,2,8,0.15384615384615385,0.6666666666666666,1.0,4.7,4.0,0.0,0,0
C00136,69,Male,Orlando,FL,Unknown,Pet,Direct,1,0,0.918,0.234,335,0,0.0,0.0,0.0,0.0,0.0,335.0,0.0,0.0,0.0,0.0,0.0,0.0,0.0,0.0,Unknown,0.0,0.0,10,4,1,0,7.5,8.7,0.4,0.1,0.0,8,3.0,4.229166666666667,3,3,0,0,0,7,0.0,0.0,0.0,0.0,0.0,0.0,1,0
C00137,37,Non-binary,San Jose,CA,Platinum,Beauty,Paid Search,1,1,0.421,0.582,581,0,10.0,3839.48,383.948,524.93,52.492999999999995,57.0,484.0,0.6198347107438017,0.0,0.0,1.0,435.13,3.0,931.26,Beauty,1707.12,5.0,9,3,1,1,19.444444444444443,6.984999999999999,0.3333333333333333,0.1111111111111111,0.1111111111111111,16,4.5625,7.934375,9,6,9,5,5,4,0.3125,0.5555555555555556,0.0,0.0,0.0,0.0,0,1
C00138,29,Female,Scottsdale,AZ,Unknown,Beauty,Affiliate,1,1,0.689,0.608,258,0,1.0,172.24,172.24,32.25,32.25,76.0,0.0,1.0,0.0,0.0,1.0,172.24,1.0,172.24,Beauty,160.22,1.0,10,2,1,1,13.5,7.994999999999999,0.2,0.1,0.1,8,4.75,7.68125,6,2,3,3,3,1,0.375,1.0,0.0,0.0,0.0,0.0,0,0
C00139,24,Female,New York,NY,Unknown,Home,Referral,1,1,0.525,0.809,286,0,3.0,737.1600000000001,245.72000000000003,88.61,29.536666666666665,18.0,114.0,0.7894736842105263,1.0,210.86,1.0,210.86,3.0,737.1600000000001,Pet,293.2,3.0,12,2,1,4,15.416666666666666,6.915,0.16666666666666666,0.08333333333333333,0.3333333333333333,11,5.090909090909091,8.451515151515151,8,4,7,5,5,10,0.45454545454545453,0.7142857142857143,0.0,0.0,0.0,0.0,0,1
C00140,69,Female,Cambridge,MA,Silver,Sports,Organic Search,1,0,0.234,0.777,742,0,5.0,1360.17,272.034,159.48000000000002,31.896000000000004,16.0,390.0,0.38461538461538464,2.0,563.59,3.0,600.8100000000001,3.0,600.8100000000001,Sports,1258.77,1.0,12,8,5,3,6.666666666666667,6.675,0.6666666666666666,0.4166666666666667,0.25,13,4.0,5.575641025641025,6,5,4,2,2,188,0.15384615384615385,0.5,0.0,0.0,0.0,0.0,0,1
C00141,56,Prefer not to say,Chicago,IL,Gold,Sports,Organic Search,1,1,0.083,0.541,837,0,12.0,4130.2300000000005,344.1858333333334,194.23999999999998,16.186666666666664,62.0,749.0,0.4806408544726302,0.0,0.0,1.0,32.46,2.0,742.14,Sports,2167.1,5.0,10,3,1,1,12.5,6.404999999999999,0.3,0.1,0.1,10,4.4,7.098333333333334,6,2,3,3,3,20,0.3,1.0,1.0,6.1,4.0,0.0,0,0
C00142,58,Prefer not to say,Boston,MA,Unknown,Apparel,Organic Search,1,1,0.829,0.868,718,0,2.0,488.15,244.075,125.63,62.815,7.0,537.0,0.111731843575419,1.0,226.46,1.0,226.46,1.0,226.46,Beauty,243.43,3.0,11,5,3,1,10.454545454545455,6.109999999999999,0.45454545454545453,0.2727272727272727,0.09090909090909091,14,4.857142857142857,8.911904761904761,10,5,7,3,3,184,0.21428571428571427,0.42857142857142855,0.0,0.0,0.0,0.0,0,1
C00143,41,Male,Dallas,TX,Silver,Home,Organic Search,1,1,0.398,0.525,614,0,3.0,832.51,277.50333333333333,108.47999999999999,36.16,226.0,355.0,0.2535211267605634,0.0,0.0,0.0,0.0,0.0,0.0,Home,774.4300000000001,1.0,8,3,2,0,6.875,6.155,0.375,0.25,0.0,10,4.1,5.786666666666667,6,5,3,1,1,93,0.1,0.3333333333333333,0.0,0.0,0.0,0.0,1,0
C00144,71,Prefer not to say,Tacoma,WA,Unknown,Beauty,Affiliate,1,0,0.868,0.547,681,0,2.0,403.77,201.885,83.92,41.96,32.0,584.0,0.10273972602739727,0.0,0.0,1.0,207.52,1.0,207.52,Beauty,375.6,1.0,9,5,1,1,12.777777777777779,9.615,0.5555555555555556,0.1111111111111111,0.1111111111111111,12,4.0,5.516666666666667,8,2,2,2,2,18,0.16666666666666666,1.0,0.0,0.0,0.0,0.0,0,0
C00145,20,Prefer not to say,New York,NY,Silver,Home,Direct,1,0,0.828,0.764,326,0,2.0,192.08999999999997,96.04499999999999,52.510000000000005,26.255000000000003,163.0,10.0,2.0,0.0,0.0,0.0,0.0,2.0,192.08999999999997,Home,129.8,2.0,7,4,1,1,14.285714285714286,3.2749999999999995,0.5714285714285714,0.14285714285714285,0.14285714285714285,13,4.153846153846154,7.5576923076923075,11,5,2,0,0,22,0.0,0.0,0.0,0.0,0.0,0.0,0,0
C00146,68,Prefer not to say,Miami,FL,Unknown,Apparel,Referral,1,1,0.37,0.667,270,0,1.0,103.57,103.57,18.88,18.88,105.0,0.0,1.0,0.0,0.0,0.0,0.0,1.0,103.57,Apparel,59.46,2.0,9,6,0,1,7.222222222222222,7.425,0.6666666666666666,0.0,0.1111111111111111,17,3.5294117647058822,5.208823529411765,9,6,3,0,0,0,0.0,0.0,0.0,0.0,0.0,0.0,0,0
C00147,29,Non-binary,Dallas,TX,Unknown,Home,Paid Search,1,0,0.407,0.41,316,0,0.0,0.0,0.0,0.0,0.0,316.0,0.0,0.0,0.0,0.0,0.0,0.0,0.0,0.0,Unknown,0.0,0.0,9,2,0,1,8.88888888888889,5.45,0.2222222222222222,0.0,0.1111111111111111,9,3.6666666666666665,6.787037037037036,5,3,1,0,0,35,0.0,0.0,0.0,0.0,0.0,0.0,1,0
C00148,61,Female,San Jose,CA,Silver,Grocery,Paid Search,1,0,0.557,0.49,501,0,5.0,1410.21,282.04200000000003,277.76,55.552,256.0,174.0,0.8620689655172414,0.0,0.0,0.0,0.0,0.0,0.0,Sports,389.46,5.0,5,2,0,1,16.0,4.279999999999999,0.4,0.0,0.2,14,5.0,8.119047619047619,10,5,7,5,5,11,0.35714285714285715,0.7142857142857143,1.0,18.8,4.0,0.0,1,0
C00149,28,Female,Tacoma,WA,Unknown,Home,Direct,1,1,0.164,0.49,584,0,0.0,0.0,0.0,0.0,0.0,584.0,0.0,0.0,0.0,0.0,0.0,0.0,0.0,0.0,Unknown,0.0,0.0,5,1,0,0,10.0,5.42,0.2,0.0,0.0,12,5.333333333333333,8.597222222222223,10,8,7,2,2,15,0.16666666666666666,0.2857142857142857,0.0,0.0,0.0,0.0,1,0
C00150,46,Male,Raleigh,NC,Platinum,Pet,Affiliate,1,1,0.302,0.724,376,0,4.0,722.5,180.625,88.66,22.165,118.0,149.0,0.8053691275167785,0.0,0.0,0.0,0.0,2.0,494.45000000000005,Pet,344.59000000000003,3.0,10,6,1,0,17.0,3.175,0.6,0.1,0.0,10,4.5,6.8916666666666675,5,3,6,4,4,32,0.4,0.6666666666666666,0.0,0.0,0.0,0.0,0,1
C00151,67,Female,Dallas,TX,Silver,Sports,Paid Search,1,1,0.285,0.407,648,0,4.0,1534.17,383.5425,172.34,43.085,237.0,309.0,0.3883495145631068,0.0,0.0,0.0,0.0,0.0,0.0,Sports,685.0699999999999,4.0,9,1,0,0,5.0,6.51,0.1111111111111111,0.0,0.0,12,4.083333333333333,5.547222222222222,7,3,4,2,2,3,0.16666666666666666,0.5,0.0,0.0,0.0,0.0,0,0
C00152,55,Female,New York,NY,Silver,Apparel,Affiliate,0,0,0.734,0.411,904,0,6.0,1525.59,254.265,295.11,49.185,32.0,757.0,0.23778071334214002,0.0,0.0,1.0,270.52,1.0,270.52,Apparel,424.95,6.0,3,0,0,0,11.666666666666666,3.07,0.0,0.0,0.0,12,3.6666666666666665,5.569444444444444,6,4,3,0,0,65,0.0,0.0,1.0,6.2,5.0,0.0,0,0
C00153,75,Non-binary,Denver,CO,Unknown,Apparel,Paid Search,1,1,0.73,0.779,529,0,0.0,0.0,0.0,0.0,0.0,529.0,0.0,0.0,0.0,0.0,0.0,0.0,0.0,0.0,Unknown,0.0,0.0,10,3,2,0,15.0,8.325,0.3,0.2,0.0,10,4.1,6.87,7,3,3,2,2,10,0.2,0.6666666666666666,0.0,0.0,0.0,0.0,1,0
C00154,63,Male,Raleigh,NC,Silver,Grocery,Direct,1,0,0.516,0.521,854,0,5.0,1368.3000000000002,273.66,172.84,34.568,28.0,703.0,0.21337126600284495,1.0,139.74,1.0,139.74,2.0,348.11,Sports,458.41,5.0,13,4,1,0,13.846153846153847,8.28,0.3076923076923077,0.07692307692307693,0.0,14,4.571428571428571,6.984523809523809,8,6,5,3,3,70,0.21428571428571427,0.6,1.0,6.7,4.0,0.0,0,0
C00155,69,Male,Scottsdale,AZ,Unknown,Grocery,Direct,1,1,0.292,0.682,259,0,0.0,0.0,0.0,0.0,0.0,259.0,0.0,0.0,0.0,0.0,0.0,0.0,0.0,0.0,Unknown,0.0,0.0,7,4,0,0,14.285714285714286,4.59,0.5714285714285714,0.0,0.0,17,3.823529411764706,5.625490196078432,10,6,4,1,1,58,0.058823529411764705,0.25,0.0,0.0,0.0,0.0,1,0
C00156,48,Male,Seattle,WA,Silver,Grocery,Direct,1,1,0.449,0.213,150,0,0.0,0.0,0.0,0.0,0.0,150.0,0.0,0.0,0.0,0.0,0.0,0.0,0.0,0.0,Unknown,0.0,0.0,3,0,0,0,0.0,0.865,0.0,0.0,0.0,9,4.777777777777778,7.048148148148147,8,6,2,0,0,11,0.0,0.0,0.0,0.0,0.0,0.0,0,0
C00157,39,Male,Orlando,FL,Gold,Pet,Direct,1,1,0.182,0.592,857,0,21.0,6018.82,286.61047619047616,378.71999999999997,18.034285714285712,15.0,788.0,0.799492385786802,1.0,516.69,2.0,714.0600000000001,5.0,944.7800000000001,Pet,3150.52,8.0,5,2,1,1,8.0,4.145,0.4,0.2,0.2,17,3.7058823529411766,6.279411764705882,9,5,4,3,3,23,0.17647058823529413,0.75,2.0,13.600000000000001,4.0,0.0,0,1
C00158,41,Female,Orlando,FL,Unknown,Beauty,Affiliate,1,0,0.776,0.932,698,0,4.0,1573.4099999999999,393.35249999999996,241.44,60.36,74.0,404.0,0.297029702970297,0.0,0.0,1.0,720.55,1.0,720.55,Beauty,581.88,4.0,11,8,3,2,10.0,11.43,0.7272727272727273,0.2727272727272727,0.18181818181818182,12,4.25,7.656944444444444,7,4,4,3,3,8,0.25,0.75,1.0,5.2,5.0,0.0,0,0
C00159,26,Non-binary,Buffalo,NY,Gold,Grocery,Paid Social,1,1,0.393,0.631,271,0,3.0,456.81000000000006,152.27,87.91,29.30333333333333,46.0,211.0,0.4265402843601896,0.0,0.0,1.0,167.74,1.0,167.74,Grocery,256.36,3.0,7,2,2,0,15.0,6.02,0.2857142857142857,0.2857142857142857,0.0,17,4.588235294117647,6.799019607843137,11,9,8,4,4,6,0.23529411764705882,0.5,0.0,0.0,0.0,0.0,0,1
C00160,56,Female,Los Angeles,CA,Gold,Beauty,Organic Search,1,1,0.383,0.336,499,0,7.0,1920.49,274.35571428571427,301.78000000000003,43.111428571428576,24.0,430.0,0.4883720930232558,2.0,777.81,3.0,996.3299999999999,4.0,1652.67,Electronics,812.99,5.0,6,1,0,0,11.666666666666666,5.13,0.16666666666666666,0.0,0.0,10,5.4,9.786666666666667,9,5,4,3,3,103,0.3,0.75,1.0,14.0,3.0,0.0,0,0
C00161,62,Male,Dallas,TX,Silver,Sports,Organic Search,1,1,0.178,0.53,206,0,1.0,298.3,298.3,1.72,1.72,53.0,0.0,1.0,0.0,0.0,1.0,298.3,1.0,298.3,Sports,239.64,2.0,7,4,2,0,12.857142857142858,4.135,0.5714285714285714,0.2857142857142857,0.0,11,4.818181818181818,7.387878787878788,8,5,4,3,3,34,0.2727272727272727,0.75,0.0,0.0,0.0,0.0,0,0
C00162,49,Male,Houston,TX,Unknown,Baby,Referral,1,1,0.451,0.545,623,0,2.0,298.78,149.39,70.78999999999999,35.394999999999996,429.0,77.0,0.7792207792207791,0.0,0.0,0.0,0.0,0.0,0.0,Apparel,170.34,2.0,11,5,1,0,12.727272727272727,8.635,0.45454545454545453,0.09090909090909091,0.0,18,4.111111111111111,7.117592592592593,11,6,4,2,2,8,0.1111111111111111,0.5,1.0,21.6,4.0,0.0,1,0
C00163,36,Non-binary,Dallas,TX,Unknown,Baby,Organic Search,1,1,0.275,0.496,225,0,2.0,333.5,166.75,58.39,29.195,93.0,20.0,2.0,0.0,0.0,0.0,0.0,2.0,333.5,Baby,310.23,1.0,8,1,0,1,11.875,5.3,0.125,0.0,0.125,9,3.6666666666666665,5.324074074074074,4,3,3,1,1,25,0.1111111111111111,0.3333333333333333,0.0,0.0,0.0,0.0,0,0
C00164,35,Female,Tacoma,WA,Silver,Grocery,Paid Social,1,1,0.248,0.333,872,0,9.0,3813.65,423.7388888888889,343.14,38.126666666666665,230.0,583.0,0.4631217838765008,0.0,0.0,0.0,0.0,0.0,0.0,Grocery,1842.28,4.0,4,2,2,1,12.5,2.71,0.5,0.5,0.25,9,4.111111111111111,6.87037037037037,6,2,2,2,2,100,0.2222222222222222,1.0,1.0,12.2,3.0,0.0,1,0
C00165,40,Female,Seattle,WA,Unknown,Baby,Referral,0,1,0.718,0.877,445,0,1.0,112.29,112.29,21.76,21.76,249.0,0.0,1.0,0.0,0.0,0.0,0.0,0.0,0.0,Sports,104.46,1.0,14,5,0,1,12.857142857142858,8.51,0.35714285714285715,0.0,0.07142857142857142,10,4.3,6.276666666666666,6,2,4,3,3,5,0.3,0.75,0.0,0.0,0.0,0.0,1,0
C00166,48,Non-binary,Scottsdale,AZ,Platinum,Apparel,Paid Search,1,1,0.778,0.709,491,0,3.0,1018.28,339.4266666666667,297.23,99.07666666666667,25.0,389.0,0.23136246786632392,1.0,570.77,1.0,570.77,1.0,570.77,Beauty,530.95,3.0,12,8,3,2,9.166666666666666,9.695,0.6666666666666666,0.25,0.16666666666666666,21,3.5238095238095237,5.612698412698412,10,8,6,1,1,4,0.047619047619047616,0.16666666666666666,0.0,0.0,0.0,0.0,0,1
C00167,50,Male,Los Angeles,CA,Platinum,Beauty,Direct,1,0,0.505,0.789,285,0,7.0,2122.38,303.19714285714286,306.43,43.77571428571429,19.0,260.0,0.8076923076923077,1.0,319.96,3.0,592.3399999999999,5.0,1345.4499999999998,Electronics,739.44,5.0,6,2,0,0,15.0,3.8049999999999997,0.3333333333333333,0.0,0.0,14,4.714285714285714,7.753571428571428,9,7,6,4,4,9,0.2857142857142857,0.6666666666666666,0.0,0.0,0.0,0.0,0,1
C00168,68,Non-binary,Phoenix,AZ,Silver,Baby,Direct,1,0,0.3,0.503,832,0,11.0,1621.6399999999999,147.42181818181817,123.97,11.27,69.0,749.0,0.44058744993324434,0.0,0.0,2.0,107.72999999999999,2.0,107.72999999999999,Grocery,319.28999999999996,7.0,8,1,0,0,11.875,4.875,0.125,0.0,0.0,9,4.555555555555555,8.835185185185185,5,4,5,2,2,182,0.2222222222222222,0.4,0.0,0.0,0.0,0.0,0,0
C00169,18,Non-binary,San Francisco,CA,Unknown,Baby,Direct,0,1,0.355,0.807,540,0,6.0,2372.25,395.375,326.6,54.43333333333334,38.0,247.0,0.7287449392712552,0.0,0.0,2.0,873.6600000000001,3.0,1507.94,Baby,880.06,5.0,10,5,2,1,14.5,8.2,0.5,0.2,0.1,17,4.411764705882353,7.267647058823529,10,8,5,2,2,20,0.11764705882352941,0.4,0.0,0.0,0.0,0.0,0,1
C00170,20,Female,Naperville,IL,Unknown,Electronics,Referral,1,0,0.737,0.51,378,0,4.0,1270.04,317.51,229.84,57.46,45.0,278.0,0.4316546762589928,0.0,0.0,1.0,670.97,2.0,955.12,Sports,624.16,4.0,9,2,0,1,11.666666666666666,8.83,0.2222222222222222,0.0,0.1111111111111111,12,4.5,7.254166666666666,8,6,4,2,2,32,0.16666666666666666,0.5,0.0,0.0,0.0,0.0,0,0
C00171,70,Male,Phoenix,AZ,Platinum,Electronics,Referral,1,1,0.482,0.614,775,0,12.0,3019.34,251.61166666666668,478.51,39.87583333333333,85.0,679.0,0.5301914580265096,0.0,0.0,1.0,41.92,2.0,134.13,Electronics,2068.98,6.0,8,2,1,0,17.5,4.235,0.25,0.125,0.0,12,3.4166666666666665,5.854166666666667,5,2,3,2,2,28,0.16666666666666666,0.6666666666666666,1.0,12.0,5.0,0.0,0,0
C00172,62,Non-binary,Denver,CO,Unknown,Sports,Paid Search,1,0,0.676,0.372,583,0,4.0,1272.04,318.01,278.31,69.5775,74.0,421.0,0.2850356294536817,0.0,0.0,1.0,86.7,2.0,634.38,Electronics,775.6700000000001,4.0,9,3,2,1,10.0,6.705,0.3333333333333333,0.2222222222222222,0.1111111111111111,10,4.0,5.798333333333334,6,5,2,1,1,146,0.1,0.5,1.0,6.5,3.0,0.0,0,0
C00173,65,Non-binary,Naperville,IL,Unknown,Beauty,Organic Search,1,1,0.825,0.465,209,0,1.0,235.49,235.49,44.75,44.75,26.0,0.0,1.0,1.0,235.49,1.0,235.49,1.0,235.49,Electronics,219.06,1.0,8,4,0,1,10.625,7.765,0.5,0.0,0.125,10,3.5,4.506666666666666,5,3,3,2,2,34,0.2,0.6666666666666666,0.0,0.0,0.0,0.0,0,0
C00174,61,Male,Los Angeles,CA,Unknown,Pet,Direct,1,1,0.601,0.629,764,0,4.0,1539.5300000000002,384.88250000000005,226.64,56.66,110.0,303.0,0.39603960396039606,0.0,0.0,0.0,0.0,1.0,518.86,Pet,624.22,3.0,9,5,1,0,11.666666666666666,6.395,0.5555555555555556,0.1111111111111111,0.0,16,3.9375,5.502083333333333,11,4,2,1,1,33,0.0625,0.5,0.0,0.0,0.0,0.0,0,0
C00175,76,Non-binary,Seattle,WA,Unknown,Electronics,Direct,0,1,0.872,0.353,200,0,0.0,0.0,0.0,0.0,0.0,200.0,0.0,0.0,0.0,0.0,0.0,0.0,0.0,0.0,Unknown,0.0,0.0,9,3,1,1,13.333333333333334,4.435,0.3333333333333333,0.1111111111111111,0.1111111111111111,11,3.3636363636363638,5.504545454545454,5,4,4,0,0,14,0.0,0.0,0.0,0.0,0.0,0.0,1,0
C00176,56,Female,Houston,TX,Gold,Beauty,Affiliate,1,1,0.239,0.903,731,0,6.0,1642.37,273.7283333333333,189.13,31.521666666666665,30.0,593.0,0.30354131534569984,1.0,212.01,2.0,333.86,2.0,333.86,Beauty,805.65,5.0,10,8,5,1,12.5,8.15,0.8,0.5,0.1,17,4.764705882352941,7.729411764705882,7,6,10,8,8,109,0.47058823529411764,0.8,0.0,0.0,0.0,0.0,0,1
C00177,74,Male,Boulder,CO,Silver,Grocery,Paid Social,1,1,0.503,0.435,326,0,2.0,794.5,397.25,128.64,64.32,243.0,18.0,2.0,0.0,0.0,0.0,0.0,0.0,0.0,Electronics,581.91,2.0,6,1,1,0,13.333333333333334,3.445,0.16666666666666666,0.16666666666666666,0.0,9,3.3333333333333335,5.198148148148149,5,3,0,0,0,14,0.0,0.0,0.0,0.0,0.0,0.0,1,0
C00178,25,Prefer not to say,Raleigh,NC,Silver,Electronics,Affiliate,1,1,0.381,0.276,142,0,1.0,248.85,248.85,71.01,71.01,16.0,0.0,1.0,1.0,248.85,1.0,248.85,1.0,248.85,Electronics,231.49,1.0,5,2,0,0,11.0,2.9099999999999997,0.4,0.0,0.0,9,3.6666666666666665,6.87962962962963,3,3,2,0,0,16,0.0,0.0,0.0,0.0,0.0,0.0,0,0
C00179,31,Male,Naperville,IL,Silver,Baby,Organic Search,1,0,0.409,0.277,383,0,1.0,327.39,327.39,69.34,69.34,373.0,0.0,1.0,0.0,0.0,0.0,0.0,0.0,0.0,Grocery,304.55,1.0,11,0,0,0,8.636363636363637,4.91,0.0,0.0,0.0,10,3.5,5.628333333333333,3,1,3,2,2,0,0.2,0.6666666666666666,0.0,0.0,0.0,0.0,1,0
C00180,58,Prefer not to say,Cambridge,MA,Unknown,Home,Paid Social,1,0,0.306,0.756,153,0,1.0,289.31,289.31,40.31,40.31,91.0,0.0,1.0,0.0,0.0,0.0,0.0,1.0,289.31,Beauty,269.13,1.0,8,5,3,1,15.0,5.14,0.625,0.375,0.125,5,5.0,9.126666666666667,5,5,0,0,0,23,0.0,0.0,0.0,0.0,0.0,0.0,0,0
C00181,60,Female,San Francisco,CA,Unknown,Home,Paid Search,1,1,0.476,0.333,365,0,3.0,350.43,116.81,53.97,17.99,29.0,330.0,0.2727272727272727,1.0,34.65,1.0,34.65,1.0,34.65,Home,162.4,2.0,7,2,0,1,22.857142857142858,4.125,0.2857142857142857,0.0,0.14285714285714285,13,4.076923076923077,6.696153846153846,7,6,4,1,1,56,0.07692307692307693,0.25,0.0,0.0,0.0,0.0,0,0
C00182,53,Female,Boulder,CO,Silver,Beauty,Paid Search,1,0,0.311,0.11,512,0,6.0,1197.02,199.50333333333333,125.19,20.865,91.0,378.0,0.4761904761904762,0.0,0.0,0.0,0.0,2.0,428.53,Beauty,426.08,5.0,5,1,0,0,17.0,3.76,0.2,0.0,0.0,14,4.285714285714286,7.255952380952381,9,6,5,1,1,12,0.07142857142857142,0.2,0.0,0.0,0.0,0.0,0,0
C00183,47,Female,Buffalo,NY,Silver,Beauty,Direct,1,1,0.48,0.396,560,0,4.0,848.9300000000001,212.23250000000002,163.99,40.9975,52.0,250.0,0.48,0.0,0.0,1.0,307.4,2.0,485.7,Beauty,789.7,1.0,10,2,0,0,11.0,5.8149999999999995,0.2,0.0,0.0,9,4.666666666666667,7.953703703703703,8,6,2,0,0,137,0.0,0.0,1.0,3.5,5.0,0.0,0,0
C00184,60,Non-binary,Charlotte,NC,Silver,Grocery,Affiliate,1,0,0.58,0.283,169,0,1.0,47.69,47.69,8.29,8.29,156.0,0.0,1.0,0.0,0.0,0.0,0.0,1.0,47.69,Grocery,37.86,1.0,9,0,0,0,14.444444444444445,7.845,0.0,0.0,0.0,11,4.181818181818182,7.301515151515151,6,5,4,2,2,20,0.18181818181818182,0.5,0.0,0.0,0.0,0.0,0,0
C00185,46,Non-binary,Orlando,FL,Platinum,Pet,Referral,1,1,0.596,0.616,474,0,12.0,2540.24,211.68666666666664,442.86,36.905,16.0,453.0,0.794701986754967,2.0,409.52,5.0,947.76,6.0,1266.73,Pet,1422.17,4.0,7,3,0,0,13.571428571428571,4.43,0.42857142857142855,0.0,0.0,17,5.117647058823529,8.74313725490196,14,9,8,5,5,31,0.29411764705882354,0.625,3.0,6.633333333333333,4.0,0.0,0,1
C00186,67,Male,Austin,TX,Unknown,Beauty,Affiliate,1,0,0.504,0.571,291,0,3.0,471.97999999999996,157.32666666666665,112.97,37.656666666666666,23.0,36.0,2.5,1.0,187.39,3.0,471.97999999999996,3.0,471.97999999999996,Beauty,336.27,2.0,9,2,1,3,14.444444444444445,6.5,0.2222222222222222,0.1111111111111111,0.3333333333333333,5,4.8,7.733333333333334,5,3,1,0,0,92,0.0,0.0,0.0,0.0,0.0,0.0,0,1
C00187,50,Female,Phoenix,AZ,Unknown,Beauty,Affiliate,1,0,0.277,0.464,360,0,1.0,183.92,183.92,21.38,21.38,207.0,0.0,1.0,0.0,0.0,0.0,0.0,0.0,0.0,Beauty,171.09,1.0,6,3,1,1,10.0,4.109999999999999,0.5,0.16666666666666666,0.16666666666666666,5,3.6,4.87,3,2,1,0,0,9,0.0,0.0,0.0,0.0,0.0,0.0,1,0
C00188,31,Non-binary,Scottsdale,AZ,Gold,Beauty,Referral,0,0,0.705,0.654,769,0,5.0,944.5,188.9,220.22,44.044,100.0,617.0,0.24311183144246354,0.0,0.0,0.0,0.0,2.0,399.56,Beauty,592.39,3.0,8,1,1,0,15.0,5.18,0.125,0.125,0.0,8,4.75,8.291666666666666,6,3,4,1,1,32,0.125,0.25,0.0,0.0,0.0,0.0,0,0
C00189,76,Male,Naperville,IL,Gold,Apparel,Paid Social,1,1,0.438,0.647,872,0,10.0,3179.51,317.951,581.55,58.154999999999994,3.0,668.0,0.44910179640718567,3.0,662.49,4.0,1138.93,5.0,2084.41,Apparel,1666.51,5.0,9,3,0,1,13.333333333333334,5.51,0.3333333333333333,0.0,0.1111111111111111,12,5.0,8.95138888888889,8,6,6,5,5,48,0.4166666666666667,0.8333333333333334,2.0,5.3,4.5,0.0,0,1
C00190,60,Male,Raleigh,NC,Platinum,Beauty,Paid Social,1,1,0.459,0.311,419,0,8.0,3668.12,458.515,470.88,58.86,42.0,361.0,0.6648199445983379,0.0,0.0,3.0,873.5899999999999,4.0,1159.59,Beauty,3013.87,4.0,5,2,1,1,14.0,2.235,0.4,0.2,0.2,9,5.111111111111111,8.146296296296295,6,6,6,2,2,56,0.2222222222222222,0.3333333333333333,1.0,15.3,4.0,0.0,0,0
C00191,27,Female,Phoenix,AZ,Gold,Beauty,Paid Social,0,1,0.72,0.619,422,0,3.0,912.2099999999999,304.07,108.58999999999999,36.196666666666665,152.0,80.0,1.125,0.0,0.0,0.0,0.0,1.0,116.76,Sports,607.14,3.0,10,3,1,1,17.5,7.845,0.3,0.1,0.1,10,5.0,8.761666666666667,6,3,7,5,5,24,0.5,0.7142857142857143,0.0,0.0,0.0,0.0,0,0
C00192,32,Prefer not to say,Charlotte,NC,Unknown,Electronics,Affiliate,1,1,0.561,0.439,497,0,3.0,571.79,190.59666666666666,108.42999999999999,36.14333333333333,81.0,134.0,0.6716417910447761,0.0,0.0,1.0,77.87,2.0,363.0,Electronics,459.46000000000004,2.0,6,3,2,0,10.833333333333334,3.29,0.5,0.3333333333333333,0.0,8,4.875,7.497916666666667,4,3,5,3,3,42,0.375,0.6,0.0,0.0,0.0,0.0,0,0
C00193,75,Female,Denver,CO,Silver,Grocery,Organic Search,1,1,0.188,0.611,237,0,2.0,690.25,345.125,71.12,35.56,34.0,162.0,0.37037037037037035,0.0,0.0,1.0,364.18,1.0,364.18,Grocery,303.32,3.0,8,2,1,0,13.75,6.805,0.25,0.125,0.0,11,4.545454545454546,7.081818181818182,6,4,4,3,3,63,0.2727272727272727,0.75,0.0,0.0,0.0,0.0,0,1
C00194,55,Female,Boulder,CO,Unknown,Sports,Paid Search,1,0,0.849,0.25,295,0,0.0,0.0,0.0,0.0,0.0,295.0,0.0,0.0,0.0,0.0,0.0,0.0,0.0,0.0,Unknown,0.0,0.0,3,2,0,0,8.333333333333334,3.55,0.6666666666666666,0.0,0.0,6,5.166666666666667,9.261111111111111,5,4,4,0,0,139,0.0,0.0,0.0,0.0,0.0,0.0,1,0
C00195,55,Non-binary,Tacoma,WA,Unknown,Sports,Affiliate,1,1,0.581,0.913,827,0,4.0,1925.84,481.46,313.08,78.27,278.0,531.0,0.22598870056497175,0.0,0.0,0.0,0.0,0.0,0.0,Home,932.23,5.0,6,3,1,0,13.333333333333334,3.15,0.5,0.16666666666666666,0.0,18,3.6666666666666665,6.033333333333333,9,6,5,1,1,163,0.05555555555555555,0.2,0.0,0.0,0.0,0.0,1,0
C00196,43,Male,Boston,MA,Unknown,Sports,Direct,1,0,0.719,0.525,630,0,4.0,1175.95,293.9875,158.49,39.6225,209.0,380.0,0.31578947368421056,0.0,0.0,0.0,0.0,0.0,0.0,Sports,739.19,3.0,6,0,0,0,20.0,3.435,0.0,0.0,0.0,13,4.384615384615385,6.178205128205128,6,5,5,3,3,123,0.23076923076923078,0.6,0.0,0.0,0.0,0.0,1,0
C00197,70,Male,Dallas,TX,Gold,Sports,Affiliate,1,1,0.612,0.187,747,0,10.0,3735.86,373.586,699.63,69.963,43.0,687.0,0.4366812227074236,0.0,0.0,2.0,522.21,3.0,1003.75,Sports,2179.9,6.0,8,1,0,0,17.5,7.34,0.125,0.0,0.0,9,3.3333333333333335,3.9907407407407405,5,2,1,1,1,42,0.1111111111111111,1.0,1.0,11.2,4.0,0.0,0,0
C00198,29,Prefer not to say,Naperville,IL,Gold,Electronics,Organic Search,1,0,0.678,0.833,685,0,4.0,635.26,158.815,137.0,34.25,110.0,572.0,0.2097902097902098,0.0,0.0,0.0,0.0,1.0,206.25,Grocery,224.51,4.0,12,6,2,0,12.916666666666666,9.174999999999999,0.5,0.16666666666666666,0.0,16,4.9375,8.663541666666667,9,7,10,5,5,11,0.3125,0.5,0.0,0.0,0.0,0.0,0,0
C00199,30,Female,Seattle,WA,Gold,Pet,Organic Search,1,0,0.638,0.356,382,0,4.0,766.0,191.5,143.43,35.8575,30.0,122.0,0.9836065573770493,1.0,35.58,2.0,162.78,4.0,766.0,Home,316.07000000000005,3.0,7,0,0,0,18.571428571428573,4.395,0.0,0.0,0.0,11,5.0,8.91060606060606,8,6,5,4,4,25,0.36363636363636365,0.8,0.0,0.0,0.0,0.0,0,0
C00200,25,Non-binary,Raleigh,NC,Silver,Apparel,Direct,1,1,0.362,0.583,340,0,5.0,1737.85,347.57,189.27,37.854,189.0,141.0,1.0638297872340425,0.0,0.0,0.0,0.0,0.0,0.0,Apparel,1227.39,3.0,6,1,1,0,17.5,4.93,0.16666666666666666,0.16666666666666666,0.0,11,4.545454545454546,8.115151515151515,8,5,3,1,1,60,0.09090909090909091,0.3333333333333333,1.0,9.8,5.0,0.0,1,0
