table_name,field_name,definition
Customers,customer_id,Unique customer key
Customers,price_sensitivity_score,0-1 discount responsiveness
Customers,digital_engagement_score,0-1 engagement propensity
Orders,order_total,Final order value
Marketing_Touches,treatment_group,Treatment/control assignment
Marketing_Touches,converted_within_7d,7-day conversion outcome
Web_Events,event_type,Observed journey action
Customer_Snapshot,churn_label_180d,Inactive over 180 days
Customer_Snapshot,purchase_propensity_label_30d,Synthetic next-30-day purchase label
