order_id,customer_id,order_date,channel,device,subtotal,discount_amount,shipping_amount,tax_amount,order_total,payment_type,order_status
O000209,C00053,2024-02-11 00:00:00,Web,Mobile,1003.42,181.4,0,61.65,883.67,Apple Pay,Completed
O000037,C00014,2024-03-28 00:00:00,App,Mobile,339.4,44.71,0,22.1,316.79,Apple Pay,Returned
O000445,C00112,2024-03-30 00:00:00,Web,Mobile,144.28,17.78,0,9.49,135.99,Apple Pay,Completed
O000694,C00168,2024-04-04 00:00:00,Web,Mobile,383.97,13.49,0,27.79,398.27,Gift Card,Completed
O000171,C00045,2024-04-07 00:00:00,App,Desktop,60.94,3.83,0,4.28,61.39,Credit Card,Completed
O000665,C00164,2024-04-09 00:00:00,App,Desktop,678.83,45.81,0,47.48,680.5,PayPal,Completed
O000577,C00141,2024-04-11 00:00:00,Web,Tablet,348.34,36.47,0,23.39,335.26,Apple Pay,Completed
O000805,C00195,2024-04-13 00:00:00,Web,Mobile,796.51,91.02,0,52.91,758.4,PayPal,Completed
O000639,C00157,2024-04-19 00:00:00,Web,Desktop,525.58,59.32,0,34.97,501.23,Gift Card,Completed
O000415,C00105,2024-04-20 00:00:00,Web,Desktop,54.9,7.63,6.99,3.55,57.81,Apple Pay,Completed
O000231,C00054,2024-04-24 00:00:00,App,Mobile,317.0,19.64,0,22.3,319.66,PayPal,Completed
O000222,C00054,2024-04-28 00:00:00,App,Mobile,1396.5,209.82,0,89.0,1275.68,Apple Pay,Completed
O000261,C00062,2024-05-03 00:00:00,App,Tablet,192.42,20.33,0,12.91,185.0,Gift Card,Completed
O000610,C00152,2024-05-03 00:00:00,Web,Desktop,399.12,53.93,0,25.89,371.08,Gift Card,Completed
O000259,C00062,2024-05-08 00:00:00,Web,Mobile,852.48,42.26,0,60.77,870.99,Apple Pay,Completed
O000033,C00014,2024-05-11 00:00:00,Web,Tablet,138.83,16.66,0,9.16,131.33,PayPal,Completed
O000070,C00021,2024-05-15 00:00:00,App,Desktop,164.37,37.09,0,9.55,136.83,Gift Card,Completed
O000124,C00030,2024-05-18 00:00:00,App,Mobile,192.42,36.12,0,11.72,168.02,Apple Pay,Completed
O000690,C00168,2024-05-21 00:00:00,Web,Desktop,207.22,16.18,0,14.33,205.37,Apple Pay,Completed
O000717,C00171,2024-05-28 00:00:00,Web,Desktop,371.62,68.19,0,22.76,326.19,Apple Pay,Completed
O000109,C00027,2024-06-10 00:00:00,App,Mobile,681.47,94.34,0,44.03,631.16,Apple Pay,Completed
O000715,C00171,2024-06-10 00:00:00,App,Desktop,263.81,50.82,0,15.97,228.96,Gift Card,Completed
O000221,C00053,2024-06-17 00:00:00,Web,Desktop,268.96,26.63,0,18.17,260.5,Credit Card,Completed
O000235,C00054,2024-06-17 00:00:00,Web,Mobile,577.41,41.36,0,40.2,576.25,Apple Pay,Completed
O000706,C00171,2024-06-21 00:00:00,Web,Mobile,46.15,5.99,0,3.01,43.17,PayPal,Completed
O000122,C00030,2024-06-26 00:00:00,App,Mobile,84.85,15.81,0,5.18,74.22,Gift Card,Completed
O000210,C00053,2024-06-27 00:00:00,Web,Desktop,205.45,11.74,0,14.53,208.24,PayPal,Completed
O000709,C00171,2024-06-29 00:00:00,App,Desktop,240.66,18.27,0,16.68,239.07,Gift Card,Completed
O000206,C00052,2024-06-30 00:00:00,App,Tablet,919.04,105.6,0,61.01,874.45,Gift Card,Completed
O000416,C00105,2024-06-30 00:00:00,App,Tablet,233.33,32.26,0,15.08,216.15,Gift Card,Returned
O000616,C00154,2024-06-30 00:00:00,Web,Tablet,81.1,12.58,0,5.14,73.66,PayPal,Completed
O000622,C00157,2024-07-01 00:00:00,App,Mobile,137.72,3.91,0,10.04,143.85,Gift Card,Completed
O000814,C00197,2024-07-01 00:00:00,App,Tablet,492.84,75.43,0,31.31,448.72,PayPal,Completed
O000135,C00035,2024-07-08 00:00:00,Web,Desktop,39.57,7.55,6.99,2.4,41.41,Gift Card,Returned
O000447,C00112,2024-07-08 00:00:00,App,Tablet,326.66,37.77,0,21.67,310.56,PayPal,Completed
O000607,C00152,2024-07-08 00:00:00,App,Desktop,69.07,19.82,6.99,3.69,59.93,Gift Card,Completed
O000773,C00188,2024-07-14 00:00:00,Web,Desktop,192.47,45.63,0,11.01,157.85,Gift Card,Completed
O000219,C00053,2024-07-17 00:00:00,Web,Mobile,335.97,28.2,0,23.08,330.85,Gift Card,Completed
O000621,C00157,2024-07-19 00:00:00,Web,Tablet,63.63,5.56,0,4.36,62.43,Gift Card,Completed
O000485,C00122,2024-07-20 00:00:00,App,Tablet,103.03,11.16,0,6.89,98.76,Gift Card,Completed
O000406,C00100,2024-07-22 00:00:00,App,Tablet,116.8,6.88,0,8.24,118.16,Gift Card,Completed
O000217,C00053,2024-07-24 00:00:00,Web,Tablet,566.31,86.34,0,36.0,515.97,Apple Pay,Completed
O000205,C00052,2024-07-30 00:00:00,App,Tablet,225.89,21.35,0,15.34,219.88,Credit Card,Completed
O000229,C00054,2024-08-02 00:00:00,App,Tablet,309.44,13.94,0,22.16,317.66,Gift Card,Completed
O000201,C00051,2024-08-10 00:00:00,Web,Mobile,675.62,77.57,0,44.85,642.9,Gift Card,Completed
O000214,C00053,2024-08-11 00:00:00,App,Mobile,92.3,7.28,0,6.38,91.4,Apple Pay,Completed
O000531,C00133,2024-08-12 00:00:00,App,Tablet,63.63,14.19,6.99,3.71,60.14,Gift Card,Completed
O000384,C00095,2024-08-13 00:00:00,App,Mobile,159.55,28.47,0,9.83,140.91,PayPal,Completed
O000623,C00157,2024-08-15 00:00:00,App,Tablet,609.97,53.77,0,41.72,597.92,Gift Card,Completed
O000372,C00092,2024-08-17 00:00:00,App,Mobile,309.44,56.0,0,19.01,272.45,Apple Pay,Completed
O000824,C00198,2024-08-18 00:00:00,App,Mobile,31.93,3.48,0,2.13,30.58,Gift Card,Completed
O000120,C00030,2024-08-28 00:00:00,App,Mobile,302.0,28.98,0,20.48,293.5,Credit Card,Completed
O000572,C00141,2024-08-28 00:00:00,App,Desktop,460.6,4.29,0,34.22,490.53,PayPal,Completed
O000628,C00157,2024-08-28 00:00:00,Web,Desktop,413.57,11.03,0,30.19,432.73,Gift Card,Completed
O000778,C00189,2024-08-29 00:00:00,App,Tablet,344.95,55.04,0,21.74,311.65,PayPal,Completed
O000571,C00141,2024-09-02 00:00:00,App,Tablet,148.6,0.0,0,11.14,159.74,PayPal,Completed
O000156,C00041,2024-09-10 00:00:00,Web,Mobile,130.77,11.68,0,8.93,128.02,Credit Card,Returned
O000379,C00094,2024-09-29 00:00:00,App,Tablet,240.4,29.1,0,15.85,227.15,PayPal,Completed
O000107,C00027,2024-09-30 00:00:00,Web,Tablet,77.86,8.87,0,5.17,74.16,Gift Card,Completed
O000065,C00019,2024-10-01 00:00:00,Web,Desktop,55.94,8.72,6.99,3.54,57.75,Apple Pay,Returned
O000490,C00122,2024-10-01 00:00:00,App,Desktop,364.48,31.89,0,24.94,357.53,PayPal,Completed
O000686,C00168,2024-10-04 00:00:00,App,Desktop,287.9,17.88,0,20.25,290.27,Credit Card,Completed
O000116,C00029,2024-10-05 00:00:00,Web,Mobile,284.29,51.5,0,17.46,250.25,Gift Card,Completed
O000635,C00157,2024-10-06 00:00:00,App,Desktop,84.85,2.67,0,6.16,88.34,Gift Card,Completed
O000047,C00017,2024-10-07 00:00:00,App,Tablet,542.04,91.58,0,33.78,484.24,Credit Card,Completed
O000066,C00019,2024-10-07 00:00:00,Web,Desktop,103.03,11.28,0,6.88,98.63,Gift Card,Completed
O000139,C00035,2024-10-08 00:00:00,App,Tablet,467.26,42.79,0,31.84,456.31,PayPal,Completed
O000491,C00122,2024-10-11 00:00:00,App,Tablet,204.49,10.89,0,14.52,208.12,PayPal,Completed
O000634,C00157,2024-10-12 00:00:00,Web,Desktop,432.84,0.0,0,32.46,465.3,PayPal,Completed
O000728,C00176,2024-10-16 00:00:00,App,Mobile,610.94,54.28,0,41.75,598.41,Credit Card,Completed
O000045,C00016,2024-10-17 00:00:00,App,Tablet,315.43,57.53,0,19.34,277.24,Gift Card,Completed
O000162,C00041,2024-10-18 00:00:00,Web,Tablet,832.84,32.94,0,59.99,859.89,PayPal,Completed
O000374,C00092,2024-10-20 00:00:00,Web,Tablet,282.36,31.97,0,18.78,269.17,Gift Card,Returned
O000583,C00144,2024-10-23 00:00:00,Web,Tablet,233.63,51.07,0,13.69,196.25,Credit Card,Completed
O000662,C00164,2024-10-23 00:00:00,Web,Desktop,205.45,19.04,0,13.98,200.39,Credit Card,Completed
O000568,C00141,2024-10-24 00:00:00,App,Tablet,148.6,0.0,0,11.14,159.74,Gift Card,Completed
O000612,C00152,2024-10-24 00:00:00,App,Mobile,33.06,9.08,6.99,1.8,32.77,Apple Pay,Completed
O000314,C00075,2024-10-25 00:00:00,Web,Tablet,206.06,28.35,0,13.33,191.04,Gift Card,Completed
O000567,C00141,2024-10-25 00:00:00,App,Tablet,246.45,18.09,0,17.13,245.49,Gift Card,Completed
O000412,C00103,2024-10-26 00:00:00,Web,Desktop,1223.63,185.15,0,77.89,1116.37,Credit Card,Completed
O000040,C00016,2024-10-27 00:00:00,Web,Desktop,472.74,93.63,0,28.43,407.54,PayPal,Completed
O000355,C00086,2024-10-28 00:00:00,Web,Mobile,417.03,63.3,0,26.53,380.26,Apple Pay,Completed
O000368,C00090,2024-10-28 00:00:00,Web,Mobile,100.32,7.56,0,6.96,99.72,Apple Pay,Completed
O000499,C00124,2024-10-28 00:00:00,App,Mobile,39.57,0.28,6.99,2.95,49.23,Credit Card,Completed
O000783,C00189,2024-10-30 00:00:00,Web,Tablet,155.72,20.03,0,10.18,145.87,Apple Pay,Completed
O000781,C00189,2024-10-31 00:00:00,App,Tablet,263.81,8.37,0,19.16,274.6,PayPal,Completed
O000711,C00171,2024-11-01 00:00:00,App,Mobile,111.93,13.59,0,7.38,105.72,PayPal,Completed
O000716,C00171,2024-11-02 00:00:00,Web,Mobile,284.16,33.21,0,18.82,269.77,Credit Card,Completed
O000114,C00029,2024-11-04 00:00:00,App,Desktop,418.67,71.32,0,26.05,373.4,Credit Card,Cancelled
O000262,C00062,2024-11-04 00:00:00,App,Mobile,199.95,25.72,0,13.07,187.3,Credit Card,Completed
O000367,C00090,2024-11-06 00:00:00,Web,Tablet,443.16,57.29,0,28.94,414.81,PayPal,Completed
O000195,C00050,2024-11-10 00:00:00,App,Mobile,232.8,23.68,0,15.68,224.8,Gift Card,Completed
O000058,C00017,2024-11-11 00:00:00,Web,Mobile,144.28,8.19,0,10.21,146.3,Apple Pay,Completed
O000119,C00030,2024-11-14 00:00:00,Web,Tablet,612.35,82.04,0,39.77,570.08,Gift Card,Completed
O000257,C00062,2024-11-14 00:00:00,App,Tablet,459.52,49.79,0,30.73,440.46,Gift Card,Completed
O000110,C00027,2024-11-15 00:00:00,Web,Mobile,127.77,8.7,0,8.93,128.0,Credit Card,Returned
O000288,C00069,2024-11-15 00:00:00,App,Mobile,337.81,59.48,0,20.87,299.2,Credit Card,Completed
O000046,C00016,2024-11-17 00:00:00,App,Mobile,126.22,19.78,0,7.98,114.42,Gift Card,Completed
O000227,C00054,2024-11-18 00:00:00,App,Tablet,58.4,6.58,0,3.89,55.71,PayPal,Completed
O000812,C00196,2024-11-19 00:00:00,App,Mobile,248.17,40.57,0,15.57,223.17,Gift Card,Completed
O000317,C00075,2024-11-20 00:00:00,App,Mobile,422.72,39.56,0,28.74,411.9,Credit Card,Completed
O000363,C00089,2024-11-22 00:00:00,App,Mobile,1072.53,179.7,0,66.96,959.79,Credit Card,Completed
O000294,C00069,2024-11-24 00:00:00,App,Mobile,212.9,36.38,0,13.24,189.76,PayPal,Completed
O000581,C00143,2024-11-27 00:00:00,Web,Mobile,130.77,30.39,0,7.53,107.91,Gift Card,Completed
O000236,C00054,2024-11-28 00:00:00,Web,Desktop,81.1,20.83,0,4.52,64.79,Gift Card,Completed
O000386,C00096,2024-11-28 00:00:00,App,Desktop,527.62,134.65,0,29.47,422.44,Apple Pay,Cancelled
O000196,C00050,2024-12-02 00:00:00,App,Mobile,14.66,0.0,6.99,1.1,22.75,Gift Card,Completed
O000689,C00168,2024-12-02 00:00:00,Web,Desktop,144.28,14.51,0,9.73,139.5,Apple Pay,Completed
O000021,C00008,2024-12-04 00:00:00,App,Desktop,347.74,77.82,0,20.24,290.16,Credit Card,Completed
O000825,C00198,2024-12-04 00:00:00,App,Mobile,159.09,12.97,0,10.96,157.08,Gift Card,Completed
O000574,C00141,2024-12-07 00:00:00,App,Desktop,147.32,6.07,0,10.59,151.84,Credit Card,Completed
O000417,C00105,2024-12-09 00:00:00,App,Desktop,291.09,46.71,0,18.33,262.71,Gift Card,Completed
O000575,C00141,2024-12-09 00:00:00,Web,Desktop,617.42,57.12,0,42.02,602.32,Gift Card,Completed
O000353,C00086,2024-12-10 00:00:00,Web,Desktop,240.66,36.7,0,15.3,219.26,Credit Card,Completed
O000667,C00164,2024-12-13 00:00:00,App,Mobile,92.3,11.12,0,6.09,87.27,Gift Card,Completed
O000320,C00076,2024-12-14 00:00:00,App,Tablet,486.21,45.77,0,33.03,473.47,Gift Card,Completed
O000113,C00029,2024-12-16 00:00:00,Web,Desktop,363.93,56.21,0,23.08,330.8,Credit Card,Completed
O000287,C00069,2024-12-16 00:00:00,Web,Desktop,144.28,25.62,0,8.9,127.56,Apple Pay,Completed
O000023,C00008,2024-12-19 00:00:00,Web,Tablet,1202.0,225.73,0,73.22,1049.49,Credit Card,Completed
O000277,C00068,2024-12-19 00:00:00,App,Desktop,225.89,39.71,0,13.96,200.14,PayPal,Completed
O000295,C00069,2024-12-19 00:00:00,App,Tablet,231.76,37.14,0,14.6,209.22,Apple Pay,Completed
O000670,C00164,2024-12-20 00:00:00,App,Mobile,77.63,0.0,0,5.82,83.45,PayPal,Completed
O000817,C00197,2024-12-26 00:00:00,Web,Mobile,111.93,23.12,0,6.66,95.47,Credit Card,Completed
O000515,C00129,2024-12-27 00:00:00,App,Mobile,1336.91,210.84,0,84.46,1210.53,Gift Card,Completed
O000566,C00141,2024-12-31 00:00:00,App,Tablet,239.64,0.0,0,17.97,257.61,Credit Card,Completed
O000640,C00158,2024-12-31 00:00:00,App,Desktop,28.73,8.24,6.99,1.54,29.02,PayPal,Cancelled
O000606,C00151,2025-01-01 00:00:00,App,Mobile,892.01,85.63,0,60.48,866.86,PayPal,Completed
O000169,C00045,2025-01-03 00:00:00,Web,Tablet,81.1,13.92,0,5.04,72.22,Apple Pay,Completed
O000579,C00142,2025-01-03 00:00:00,App,Tablet,309.44,66.01,0,18.26,261.69,PayPal,Completed
O000069,C00019,2025-01-04 00:00:00,App,Desktop,250.18,49.98,0,15.02,215.22,Credit Card,Completed
O000203,C00052,2025-01-04 00:00:00,App,Mobile,535.33,72.09,0,34.74,497.98,Credit Card,Completed
O000555,C00137,2025-01-06 00:00:00,App,Mobile,309.44,38.19,0,20.34,291.59,Apple Pay,Completed
O000730,C00176,2025-01-06 00:00:00,App,Tablet,340.81,25.93,0,23.62,338.5,Gift Card,Completed
O000821,C00197,2025-01-08 00:00:00,App,Desktop,657.78,83.02,0,43.11,617.87,PayPal,Completed
O000383,C00094,2025-01-09 00:00:00,App,Tablet,707.6,106.1,0,45.11,646.61,Gift Card,Completed
O000810,C00196,2025-01-12 00:00:00,Web,Tablet,159.55,27.28,0,9.92,142.19,Credit Card,Completed
O000315,C00075,2025-01-13 00:00:00,Web,Mobile,1542.76,150.03,0,104.45,1497.18,Gift Card,Completed
O000279,C00068,2025-01-14 00:00:00,App,Mobile,284.16,43.12,0,18.08,259.12,Apple Pay,Completed
O000183,C00048,2025-01-16 00:00:00,Web,Tablet,234.32,0.48,0,17.54,251.38,PayPal,Completed
O000366,C00090,2025-01-19 00:00:00,App,Tablet,295.85,36.25,0,19.47,279.07,PayPal,Completed
O000444,C00112,2025-01-19 00:00:00,App,Mobile,37.29,4.39,6.99,2.47,42.36,Gift Card,Completed
O000387,C00096,2025-01-21 00:00:00,Web,Desktop,501.24,72.9,0,32.13,460.47,PayPal,Completed
O000378,C00094,2025-01-23 00:00:00,Web,Mobile,77.63,11.53,0,4.96,71.06,PayPal,Completed
O000695,C00168,2025-01-25 00:00:00,Web,Desktop,69.07,7.48,0,4.62,66.21,Credit Card,Completed
O000347,C00084,2025-01-29 00:00:00,App,Tablet,197.4,20.07,0,13.3,190.63,Gift Card,Completed
O000159,C00041,2025-01-30 00:00:00,Web,Desktop,1037.13,108.15,0,69.67,998.65,Credit Card,Completed
O000510,C00127,2025-02-02 00:00:00,Web,Tablet,523.82,65.35,0,34.39,492.86,Gift Card,Completed
O000091,C00026,2025-02-03 00:00:00,App,Tablet,163.73,23.83,0,10.49,150.39,PayPal,Completed
O000712,C00171,2025-02-03 00:00:00,App,Mobile,302.5,63.95,0,17.89,256.44,Gift Card,Completed
O000002,C00001,2025-02-06 00:00:00,Web,Desktop,217.19,44.98,0,12.92,185.13,Apple Pay,Completed
O000457,C00114,2025-02-08 00:00:00,Web,Tablet,344.95,91.83,0,18.98,272.1,Gift Card,Completed
O000464,C00117,2025-02-08 00:00:00,Web,Desktop,16.55,1.81,0,1.11,15.85,PayPal,Completed
O000508,C00127,2025-02-10 00:00:00,App,Desktop,261.91,48.92,0,15.97,228.96,Gift Card,Completed
O000659,C00162,2025-02-10 00:00:00,Web,Mobile,287.79,61.33,0,16.98,243.44,Gift Card,Completed
O000459,C00114,2025-02-12 00:00:00,App,Tablet,364.92,73.44,0,21.86,313.34,PayPal,Completed
O000815,C00197,2025-02-12 00:00:00,App,Desktop,337.81,71.63,0,19.96,286.14,PayPal,Completed
O000688,C00168,2025-02-13 00:00:00,App,Tablet,146.09,12.02,0,10.06,144.13,Apple Pay,Completed
O000325,C00078,2025-02-14 00:00:00,Web,Mobile,976.63,245.09,0,54.87,786.41,Credit Card,Cancelled
O000614,C00154,2025-02-14 00:00:00,App,Desktop,372.81,39.26,0,25.02,358.57,PayPal,Completed
O000554,C00137,2025-02-16 00:00:00,App,Desktop,159.09,18.94,0,10.51,150.66,Credit Card,Completed
O000719,C00172,2025-02-21 00:00:00,App,Tablet,173.75,42.77,0,9.82,140.8,Gift Card,Completed
O000052,C00017,2025-02-24 00:00:00,App,Mobile,233.33,24.91,0,15.63,224.05,Credit Card,Completed
O000493,C00123,2025-02-24 00:00:00,Web,Tablet,451.78,53.98,0,29.83,427.63,Apple Pay,Completed
O000818,C00197,2025-02-24 00:00:00,Web,Desktop,378.1,62.53,0,23.67,339.24,Credit Card,Completed
O000518,C00129,2025-02-25 00:00:00,App,Tablet,439.66,77.08,0,27.19,389.77,Gift Card,Completed
O000138,C00035,2025-02-28 00:00:00,Web,Mobile,339.4,33.09,0,22.97,329.28,Apple Pay,Completed
O000215,C00053,2025-03-02 00:00:00,Web,Tablet,123.78,15.45,0,8.12,116.45,Gift Card,Completed
O000270,C00067,2025-03-03 00:00:00,Web,Desktop,527.62,42.87,0,36.36,521.11,PayPal,Completed
O000637,C00157,2025-03-03 00:00:00,Web,Desktop,77.86,0.0,0,5.84,83.7,PayPal,Completed
O000826,C00198,2025-03-03 00:00:00,App,Desktop,296.26,71.75,0,16.84,241.35,PayPal,Completed
O000375,C00092,2025-03-04 00:00:00,App,Tablet,219.83,29.08,0,14.31,205.06,Apple Pay,Completed
O000157,C00041,2025-03-06 00:00:00,App,Desktop,262.79,21.19,0,18.12,259.72,PayPal,Completed
O000282,C00068,2025-03-06 00:00:00,Web,Desktop,192.47,17.16,0,13.15,188.46,Credit Card,Completed
O000049,C00017,2025-03-08 00:00:00,App,Mobile,171.73,28.8,0,10.72,153.65,Apple Pay,Completed
O000710,C00171,2025-03-09 00:00:00,Web,Tablet,355.0,50.61,0,22.83,327.22,Apple Pay,Completed
O000641,C00158,2025-03-10 00:00:00,App,Mobile,217.19,35.57,0,13.62,195.24,Apple Pay,Completed
O000354,C00086,2025-03-11 00:00:00,Web,Mobile,246.45,19.8,0,17.0,243.65,Apple Pay,Completed
O000207,C00052,2025-03-12 00:00:00,Web,Tablet,851.6,120.4,0,54.84,786.04,Gift Card,Completed
O000373,C00092,2025-03-12 00:00:00,Web,Mobile,328.74,77.65,0,18.83,269.92,PayPal,Completed
O000608,C00152,2025-03-13 00:00:00,Web,Mobile,402.99,93.49,0,23.21,332.71,Apple Pay,Completed
O000061,C00017,2025-03-15 00:00:00,Web,Desktop,261.91,28.49,0,17.51,250.93,Gift Card,Completed
O000473,C00118,2025-03-15 00:00:00,App,Mobile,95.31,17.57,0,5.83,83.57,Gift Card,Completed
O000469,C00117,2025-03-16 00:00:00,Web,Desktop,205.45,62.39,0,10.73,153.79,Credit Card,Returned
O000527,C00133,2025-03-16 00:00:00,App,Desktop,301.28,72.29,0,17.17,246.16,Gift Card,Completed
O000174,C00048,2025-03-19 00:00:00,App,Tablet,309.44,16.6,0,21.96,314.8,Apple Pay,Completed
O000266,C00064,2025-03-19 00:00:00,App,Mobile,240.4,35.61,0,15.36,220.15,Apple Pay,Completed
O000744,C00182,2025-03-19 00:00:00,Web,Tablet,239.64,0.0,0,17.97,257.61,PayPal,Completed
O000755,C00185,2025-03-19 00:00:00,App,Mobile,241.4,26.46,0,16.12,231.06,PayPal,Completed
O000435,C00110,2025-03-20 00:00:00,Web,Mobile,209.95,32.17,0,13.33,191.11,Credit Card,Completed
O000198,C00051,2025-03-21 00:00:00,Web,Desktop,644.25,75.64,0,42.65,611.26,Credit Card,Completed
O000062,C00017,2025-03-22 00:00:00,App,Desktop,233.33,9.61,0,16.78,240.5,Gift Card,Completed
O000106,C00027,2025-03-22 00:00:00,App,Desktop,28.73,1.75,6.99,2.02,35.99,Apple Pay,Cancelled
O000153,C00041,2025-03-22 00:00:00,App,Tablet,143.31,20.43,0,9.22,132.1,Apple Pay,Completed
O000193,C00050,2025-03-22 00:00:00,App,Tablet,284.16,48.84,0,17.65,252.97,Credit Card,Completed
O000540,C00135,2025-03-22 00:00:00,Web,Desktop,427.36,89.64,0,25.33,363.05,Apple Pay,Completed
O000328,C00078,2025-03-24 00:00:00,Web,Desktop,688.73,65.71,0,46.73,669.75,Gift Card,Cancelled
O000784,C00189,2025-03-25 00:00:00,Web,Desktop,295.85,76.28,0,16.47,236.04,Credit Card,Completed
O000271,C00067,2025-03-27 00:00:00,App,Tablet,111.93,18.9,0,6.98,100.01,Apple Pay,Completed
O000293,C00069,2025-03-27 00:00:00,App,Tablet,437.04,69.26,0,27.58,395.36,PayPal,Completed
O000216,C00053,2025-03-28 00:00:00,App,Desktop,628.59,79.31,0,41.2,590.48,Apple Pay,Completed
O000772,C00188,2025-03-28 00:00:00,App,Mobile,199.83,20.9,0,13.42,192.35,Gift Card,Completed
O000276,C00068,2025-04-01 00:00:00,App,Tablet,340.81,87.27,0,19.02,272.56,Apple Pay,Completed
O000202,C00051,2025-04-02 00:00:00,App,Tablet,225.89,17.66,0,15.62,223.85,PayPal,Completed
O000487,C00122,2025-04-02 00:00:00,App,Tablet,467.26,86.52,0,28.56,409.3,Apple Pay,Returned
O000481,C00122,2025-04-03 00:00:00,Web,Mobile,261.91,27.16,0,17.61,252.36,Apple Pay,Completed
O000653,C00160,2025-04-03 00:00:00,Web,Mobile,185.81,20.3,0,12.41,177.92,Apple Pay,Completed
O000310,C00074,2025-04-04 00:00:00,App,Mobile,296.26,36.84,0,19.46,278.88,Credit Card,Completed
O000664,C00164,2025-04-04 00:00:00,Web,Mobile,60.94,6.52,0,4.08,58.5,Gift Card,Completed
O000775,C00188,2025-04-05 00:00:00,App,Mobile,233.33,52.18,0,13.59,194.74,Credit Card,Completed
O000182,C00048,2025-04-06 00:00:00,App,Desktop,127.26,15.27,0,8.4,120.39,Credit Card,Completed
O000226,C00054,2025-04-07 00:00:00,App,Desktop,466.66,45.64,0,31.58,452.6,Credit Card,Completed
O000470,C00117,2025-04-07 00:00:00,Web,Mobile,578.54,102.13,0,35.73,512.14,PayPal,Completed
O000619,C00157,2025-04-10 00:00:00,Web,Desktop,489.6,54.3,0,32.65,467.95,PayPal,Completed
O000526,C00131,2025-04-11 00:00:00,App,Tablet,192.42,31.49,0,12.07,173.0,Gift Card,Completed
O000668,C00164,2025-04-12 00:00:00,App,Tablet,341.05,29.73,0,23.35,334.67,Gift Card,Completed
O000022,C00008,2025-04-13 00:00:00,Web,Desktop,392.25,63.97,0,24.62,352.9,Gift Card,Completed
O000601,C00151,2025-04-14 00:00:00,Web,Mobile,279.78,42.51,0,17.8,255.07,Apple Pay,Returned
O000676,C00166,2025-04-15 00:00:00,Web,Desktop,425.72,106.09,0,23.97,343.6,Credit Card,Cancelled
O000427,C00109,2025-04-18 00:00:00,App,Desktop,827.62,114.47,0,53.49,766.64,PayPal,Returned
O000036,C00014,2025-04-19 00:00:00,App,Desktop,530.23,74.75,0,34.16,489.64,Gift Card,Completed
O000313,C00074,2025-04-19 00:00:00,App,Tablet,77.63,9.66,0,5.1,73.07,Gift Card,Completed
O000743,C00182,2025-04-19 00:00:00,App,Desktop,155.72,20.56,0,10.14,145.3,Credit Card,Completed
O000275,C00068,2025-04-22 00:00:00,App,Tablet,578.15,105.4,0,35.46,508.21,Gift Card,Cancelled
O000603,C00151,2025-04-22 00:00:00,Web,Mobile,337.81,39.86,0,22.35,320.3,PayPal,Completed
O000532,C00133,2025-04-23 00:00:00,App,Tablet,419.06,75.06,0,25.8,369.8,Gift Card,Completed
O000056,C00017,2025-04-24 00:00:00,App,Tablet,399.66,61.92,0,25.33,363.07,Apple Pay,Completed
O000187,C00048,2025-04-24 00:00:00,Web,Mobile,531.46,61.88,0,35.22,504.8,Gift Card,Completed
O000399,C00099,2025-04-24 00:00:00,Web,Mobile,98.7,0.0,0,7.4,106.1,PayPal,Completed
O000351,C00085,2025-04-25 00:00:00,App,Desktop,79.14,13.59,0,4.92,70.47,Gift Card,Completed
O000591,C00148,2025-04-27 00:00:00,App,Desktop,77.86,12.18,0,4.93,70.61,Apple Pay,Completed
O000651,C00160,2025-04-27 00:00:00,App,Mobile,39.57,2.64,0,2.77,39.7,Apple Pay,Completed
O000102,C00026,2025-04-28 00:00:00,Web,Tablet,240.4,58.22,0,13.66,195.84,Apple Pay,Completed
O000658,C00162,2025-04-28 00:00:00,App,Mobile,60.94,9.46,0,3.86,55.34,PayPal,Completed
O000344,C00084,2025-04-29 00:00:00,Web,Desktop,407.07,48.67,0,26.88,385.28,Credit Card,Returned
O000482,C00122,2025-04-29 00:00:00,App,Desktop,192.47,36.82,0,11.67,167.32,PayPal,Completed
O000132,C00033,2025-04-30 00:00:00,App,Mobile,302.5,31.59,0,20.32,291.23,Credit Card,Completed
O000240,C00056,2025-04-30 00:00:00,Web,Mobile,339.4,13.14,0,24.47,350.73,Apple Pay,Completed
O000590,C00148,2025-04-30 00:00:00,Web,Desktop,394.96,97.98,0,22.27,319.25,Apple Pay,Completed
O000746,C00182,2025-05-01 00:00:00,App,Desktop,366.85,42.85,0,24.3,348.3,Gift Card,Completed
O000541,C00135,2025-05-02 00:00:00,App,Tablet,302.5,35.36,0,20.04,287.18,Apple Pay,Completed
O000517,C00129,2025-05-03 00:00:00,App,Desktop,84.85,17.02,0,5.09,72.92,Gift Card,Completed
O000569,C00141,2025-05-03 00:00:00,Web,Tablet,207.22,20.52,0,14.0,200.7,Apple Pay,Completed
O000140,C00035,2025-05-04 00:00:00,Web,Tablet,527.62,99.17,0,32.13,460.58,Apple Pay,Completed
O000609,C00152,2025-05-04 00:00:00,Web,Mobile,471.16,56.39,0,31.11,445.88,Gift Card,Cancelled
O000434,C00110,2025-05-08 00:00:00,App,Tablet,14.66,0.6,6.99,1.05,22.1,Gift Card,Completed
O000474,C00118,2025-05-09 00:00:00,App,Mobile,287.9,41.98,0,18.44,264.36,Gift Card,Completed
O000729,C00176,2025-05-09 00:00:00,Web,Mobile,185.81,23.24,0,12.19,174.76,Apple Pay,Completed
O000303,C00070,2025-05-10 00:00:00,App,Tablet,263.81,36.93,0,17.02,243.9,Apple Pay,Completed
O000286,C00069,2025-05-11 00:00:00,App,Desktop,99.57,22.11,0,5.81,83.27,PayPal,Completed
O000118,C00030,2025-05-13 00:00:00,App,Desktop,146.09,0.55,0,10.92,156.46,Gift Card,Completed
O000672,C00166,2025-05-13 00:00:00,App,Desktop,131.8,19.33,0,8.44,120.91,Credit Card,Completed
O000725,C00174,2025-05-14 00:00:00,Web,Tablet,385.73,34.46,0,26.35,377.62,Gift Card,Completed
O000177,C00048,2025-05-15 00:00:00,Web,Desktop,488.99,21.68,0,35.05,502.36,PayPal,Completed
O000348,C00084,2025-05-15 00:00:00,App,Mobile,37.29,5.12,6.99,2.41,41.57,PayPal,Completed
O000301,C00070,2025-05-16 00:00:00,App,Mobile,219.83,33.59,0,13.97,200.21,Apple Pay,Completed
O000299,C00070,2025-05-17 00:00:00,App,Desktop,77.86,11.41,0,4.98,71.43,Gift Card,Completed
O000476,C00118,2025-05-17 00:00:00,Web,Tablet,262.79,51.63,0,15.84,227.0,Gift Card,Completed
O000501,C00124,2025-05-17 00:00:00,App,Mobile,296.26,4.62,0,21.87,313.51,Gift Card,Completed
O000409,C00102,2025-05-18 00:00:00,Web,Tablet,284.16,0.0,0,21.31,305.47,Credit Card,Completed
O000105,C00026,2025-05-20 00:00:00,App,Tablet,256.33,26.44,0,17.24,247.13,Credit Card,Completed
O000297,C00070,2025-05-20 00:00:00,Web,Mobile,689.9,219.65,0,35.27,505.52,Credit Card,Completed
O000823,C00198,2025-05-20 00:00:00,Web,Tablet,418.25,66.21,0,26.4,378.44,Gift Card,Cancelled
O000563,C00140,2025-05-21 00:00:00,App,Tablet,148.6,7.4,0,10.59,151.79,Gift Card,Completed
O000405,C00100,2025-05-22 00:00:00,Web,Mobile,292.18,47.26,0,18.37,263.29,Gift Card,Completed
O000043,C00016,2025-05-23 00:00:00,Web,Desktop,261.91,25.82,0,17.71,253.8,PayPal,Cancelled
O000068,C00019,2025-05-24 00:00:00,App,Tablet,14.66,3.12,6.99,0.87,19.4,Gift Card,Completed
O000321,C00076,2025-05-24 00:00:00,Web,Desktop,172.1,19.89,0,11.42,163.63,Apple Pay,Completed
O000788,C00190,2025-05-24 00:00:00,Web,Mobile,1511.33,155.44,0,101.69,1457.58,PayPal,Completed
O000807,C00195,2025-05-25 00:00:00,Web,Tablet,690.84,113.13,0,43.33,621.04,Apple Pay,Completed
O000289,C00069,2025-05-26 00:00:00,Web,Desktop,340.39,68.21,0,20.41,292.59,Credit Card,Completed
O000364,C00090,2025-05-28 00:00:00,Web,Tablet,139.74,25.46,0,8.57,122.85,Gift Card,Returned
O000433,C00110,2025-05-29 00:00:00,App,Mobile,138.83,11.55,0,9.55,136.83,Gift Card,Completed
O000170,C00045,2025-05-30 00:00:00,Web,Desktop,284.16,22.55,0,19.62,281.23,Credit Card,Completed
O000524,C00131,2025-05-31 00:00:00,Web,Desktop,127.58,29.41,0,7.36,105.53,Credit Card,Returned
O000189,C00048,2025-06-02 00:00:00,App,Tablet,283.08,13.57,0,20.21,289.72,Gift Card,Completed
O000014,C00006,2025-06-07 00:00:00,App,Tablet,466.96,77.39,0,29.22,418.79,Credit Card,Completed
O000550,C00137,2025-06-07 00:00:00,App,Tablet,225.89,18.14,0,15.58,223.33,Gift Card,Completed
O000565,C00140,2025-06-07 00:00:00,App,Tablet,630.7,65.52,0,42.39,607.57,Gift Card,Completed
O000057,C00017,2025-06-08 00:00:00,Web,Tablet,535.33,73.83,0,34.61,496.11,Credit Card,Completed
O000520,C00130,2025-06-08 00:00:00,App,Mobile,206.06,23.21,0,13.71,196.56,Gift Card,Completed
O000179,C00048,2025-06-10 00:00:00,Web,Desktop,562.46,37.82,0,39.35,563.99,PayPal,Completed
O000284,C00069,2025-06-11 00:00:00,App,Mobile,126.22,15.24,0,8.32,119.3,Gift Card,Completed
O000424,C00108,2025-06-12 00:00:00,App,Tablet,81.1,12.45,0,5.15,73.8,Apple Pay,Completed
O000402,C00099,2025-06-13 00:00:00,App,Tablet,678.8,0.0,0,50.91,729.71,Gift Card,Completed
O000573,C00141,2025-06-13 00:00:00,App,Desktop,762.44,32.34,0,54.76,784.86,Credit Card,Completed
O000766,C00185,2025-06-13 00:00:00,Web,Desktop,273.25,74.29,0,14.92,213.88,Credit Card,Completed
O000230,C00054,2025-06-15 00:00:00,Web,Tablet,142.24,15.37,0,9.52,136.39,PayPal,Completed
O000273,C00067,2025-06-15 00:00:00,App,Mobile,355.0,42.77,0,23.42,335.65,Gift Card,Completed
O000397,C00099,2025-06-15 00:00:00,App,Desktop,99.57,8.68,0,6.82,97.71,Credit Card,Completed
O000404,C00100,2025-06-16 00:00:00,Web,Tablet,250.82,43.78,0,15.53,222.57,Credit Card,Completed
O000155,C00041,2025-06-18 00:00:00,App,Desktop,126.22,11.45,0,8.61,123.38,Credit Card,Completed
O000780,C00189,2025-06-18 00:00:00,App,Tablet,127.58,9.5,0,8.86,126.94,Apple Pay,Completed
O000721,C00172,2025-06-20 00:00:00,App,Tablet,614.51,152.31,0,34.66,496.86,Gift Card,Completed
O000292,C00069,2025-06-22 00:00:00,App,Tablet,796.25,50.86,0,55.9,801.29,Gift Card,Completed
O000738,C00179,2025-06-23 00:00:00,App,Desktop,373.89,69.34,0,22.84,327.39,Gift Card,Completed
O000099,C00026,2025-06-24 00:00:00,Web,Mobile,540.64,131.9,0,30.66,439.4,PayPal,Completed
O000160,C00041,2025-06-25 00:00:00,App,Tablet,31.93,2.38,0,2.22,31.77,Credit Card,Completed
O000178,C00048,2025-06-26 00:00:00,Web,Desktop,451.52,21.77,0,32.23,461.98,Apple Pay,Completed
O000708,C00171,2025-06-26 00:00:00,Web,Tablet,425.66,62.83,0,27.21,390.04,PayPal,Completed
O000488,C00122,2025-06-27 00:00:00,App,Tablet,413.93,70.08,0,25.79,369.64,Credit Card,Completed
O000220,C00053,2025-06-28 00:00:00,Web,Mobile,296.26,81.07,0,16.14,231.33,Gift Card,Completed
O000504,C00126,2025-06-30 00:00:00,Web,Desktop,205.45,41.51,0,12.3,176.24,Apple Pay,Completed
O000146,C00040,2025-07-01 00:00:00,App,Mobile,492.9,91.82,0,30.08,431.16,Gift Card,Completed
O000423,C00107,2025-07-01 00:00:00,App,Desktop,100.32,24.45,0,5.69,81.56,PayPal,Completed
O000296,C00069,2025-07-03 00:00:00,Web,Tablet,206.06,31.14,0,13.12,188.04,Gift Card,Completed
O000456,C00114,2025-07-03 00:00:00,Web,Desktop,217.19,29.46,0,14.08,201.81,Gift Card,Completed
O000582,C00143,2025-07-05 00:00:00,Web,Tablet,168.32,11.12,0,11.79,168.99,PayPal,Completed
O000365,C00090,2025-07-06 00:00:00,App,Desktop,68.86,6.47,0,4.68,67.07,PayPal,Completed
O000625,C00157,2025-07-06 00:00:00,App,Tablet,144.28,0.0,0,10.82,155.1,Gift Card,Completed
O000741,C00181,2025-07-07 00:00:00,Web,Tablet,213.95,44.12,0,12.74,182.57,Gift Card,Completed
O000241,C00056,2025-07-08 00:00:00,App,Tablet,586.41,78.53,0,38.09,545.97,Gift Card,Cancelled
O000443,C00112,2025-07-08 00:00:00,App,Tablet,897.94,58.43,0,62.96,902.47,PayPal,Completed
O000525,C00131,2025-07-08 00:00:00,Web,Desktop,675.21,72.68,0,45.19,647.72,PayPal,Completed
O000693,C00168,2025-07-09 00:00:00,App,Tablet,155.26,27.01,0,9.62,137.87,PayPal,Completed
O000594,C00148,2025-07-10 00:00:00,Web,Tablet,121.88,16.95,0,7.87,112.8,Apple Pay,Completed
O000256,C00062,2025-07-12 00:00:00,Web,Mobile,209.53,14.6,0,14.62,209.55,Credit Card,Completed
O000536,C00134,2025-07-12 00:00:00,App,Mobile,296.26,36.3,0,19.5,279.46,Credit Card,Returned
O000497,C00124,2025-07-13 00:00:00,App,Tablet,378.97,69.46,0,23.21,332.72,Credit Card,Returned
O000237,C00055,2025-07-14 00:00:00,Web,Mobile,103.03,15.37,0,6.57,94.23,Apple Pay,Returned
O000498,C00124,2025-07-14 00:00:00,Web,Tablet,340.39,29.46,0,23.32,334.25,PayPal,Completed
O000360,C00087,2025-07-15 00:00:00,App,Desktop,205.45,24.72,0,13.55,194.28,Credit Card,Completed
O000370,C00090,2025-07-16 00:00:00,Web,Mobile,33.06,4.41,6.99,2.15,37.79,Credit Card,Completed
O000727,C00176,2025-07-17 00:00:00,App,Tablet,225.89,42.78,0,13.73,196.84,Gift Card,Completed
O000176,C00048,2025-07-18 00:00:00,Web,Desktop,121.88,7.84,0,8.55,122.59,Gift Card,Completed
O000644,C00158,2025-07-19 00:00:00,App,Mobile,451.78,43.17,0,30.65,439.26,PayPal,Completed
O000811,C00196,2025-07-19 00:00:00,App,Mobile,781.04,78.96,0,52.66,754.74,Gift Card,Completed
O000103,C00026,2025-07-21 00:00:00,App,Desktop,99.57,20.85,0,5.9,84.62,PayPal,Completed
O000505,C00126,2025-07-21 00:00:00,App,Tablet,678.8,153.96,0,39.36,564.2,Gift Card,Completed
O000035,C00014,2025-07-22 00:00:00,App,Tablet,399.66,11.86,0,29.09,416.89,Apple Pay,Completed
O000181,C00048,2025-07-23 00:00:00,Web,Desktop,199.83,34.35,0,12.41,177.89,Apple Pay,Completed
O000523,C00130,2025-07-23 00:00:00,Web,Mobile,225.89,16.3,0,15.72,225.31,Apple Pay,Completed
O000285,C00069,2025-07-25 00:00:00,Web,Mobile,472.24,120.78,0,26.36,377.82,Credit Card,Completed
O000324,C00078,2025-07-25 00:00:00,Web,Tablet,79.14,11.06,0,5.11,73.19,PayPal,Completed
O000252,C00060,2025-07-26 00:00:00,App,Desktop,111.93,11.47,0,7.53,107.99,Credit Card,Completed
O000377,C00092,2025-07-28 00:00:00,App,Mobile,548.29,111.25,0,32.78,469.82,Credit Card,Completed
O000038,C00014,2025-07-29 00:00:00,Web,Tablet,365.79,27.84,0,25.35,363.3,Credit Card,Completed
O000007,C00002,2025-07-30 00:00:00,App,Mobile,81.1,14.34,0,5.01,71.77,Apple Pay,Completed
O000726,C00174,2025-07-31 00:00:00,Web,Tablet,678.8,96.26,0,43.69,626.23,Apple Pay,Completed
O000674,C00166,2025-08-01 00:00:00,Web,Mobile,412.67,108.86,0,22.79,326.6,Gift Card,Completed
O000346,C00084,2025-08-02 00:00:00,App,Mobile,131.8,24.08,0,8.08,115.8,PayPal,Completed
O000806,C00195,2025-08-03 00:00:00,Web,Tablet,452.84,71.63,0,28.59,409.8,Apple Pay,Completed
O000813,C00197,2025-08-03 00:00:00,Web,Tablet,682.1,111.34,0,42.81,613.57,Credit Card,Completed
O000617,C00154,2025-08-04 00:00:00,Web,Tablet,595.93,48.99,0,41.02,587.96,Apple Pay,Completed
O000669,C00164,2025-08-05 00:00:00,App,Desktop,410.9,31.22,0,28.48,408.16,Gift Card,Completed
O000832,C00200,2025-08-05 00:00:00,Web,Mobile,144.28,23.21,0,9.08,130.15,PayPal,Completed
O000059,C00017,2025-08-06 00:00:00,Web,Desktop,344.95,69.26,0,20.68,296.37,Gift Card,Completed
O000463,C00117,2025-08-07 00:00:00,Web,Desktop,77.86,14.23,0,4.77,68.4,PayPal,Completed
O000439,C00111,2025-08-08 00:00:00,App,Tablet,559.66,43.25,0,38.73,555.14,Apple Pay,Completed
O000431,C00109,2025-08-10 00:00:00,Web,Mobile,685.41,51.17,0,47.57,681.81,Apple Pay,Completed
O000704,C00170,2025-08-12 00:00:00,Web,Desktop,127.58,26.38,0,7.59,108.79,Credit Card,Completed
O000724,C00174,2025-08-13 00:00:00,App,Tablet,10.46,1.32,6.99,0.69,16.82,PayPal,Completed
O000486,C00122,2025-08-15 00:00:00,App,Tablet,27.45,4.31,0,1.74,24.88,Apple Pay,Completed
O000086,C00024,2025-08-16 00:00:00,Web,Mobile,100.32,22.68,0,5.82,83.46,PayPal,Completed
O000654,C00160,2025-08-16 00:00:00,Web,Mobile,460.49,55.67,0,30.36,435.18,Gift Card,Returned
O000494,C00123,2025-08-17 00:00:00,Web,Mobile,870.63,147.9,0,54.2,776.93,Credit Card,Completed
O000553,C00137,2025-08-18 00:00:00,Web,Desktop,734.84,110.46,0,46.83,671.21,Gift Card,Completed
O000758,C00185,2025-08-18 00:00:00,App,Tablet,399.64,70.59,0,24.68,353.73,Gift Card,Completed
O000020,C00008,2025-08-20 00:00:00,App,Tablet,461.74,98.65,0,27.23,390.32,Gift Card,Completed
O000233,C00054,2025-08-20 00:00:00,Web,Tablet,142.04,18.7,0,9.25,132.59,Gift Card,Completed
O000602,C00151,2025-08-22 00:00:00,App,Mobile,169.7,30.46,0,10.44,149.68,Gift Card,Completed
O000687,C00168,2025-08-22 00:00:00,Web,Tablet,29.32,1.92,6.99,2.05,36.44,Credit Card,Completed
O000010,C00003,2025-08-26 00:00:00,App,Desktop,407.07,77.42,0,24.72,354.37,Apple Pay,Completed
O000316,C00075,2025-08-26 00:00:00,Web,Tablet,143.31,14.65,0,9.65,138.31,Credit Card,Completed
O000322,C00076,2025-08-27 00:00:00,App,Desktop,747.42,60.84,0,51.49,738.07,PayPal,Cancelled
O000260,C00062,2025-08-30 00:00:00,App,Mobile,81.1,4.63,0,5.74,82.21,Gift Card,Completed
O000319,C00076,2025-08-31 00:00:00,App,Desktop,155.72,19.33,0,10.23,146.62,Apple Pay,Completed
O000228,C00054,2025-09-01 00:00:00,Web,Mobile,296.26,37.82,0,19.38,277.82,Credit Card,Completed
O000357,C00086,2025-09-01 00:00:00,Web,Mobile,46.15,2.02,0,3.31,47.44,Credit Card,Completed
O000211,C00053,2025-09-02 00:00:00,App,Desktop,480.8,69.96,0,30.81,441.65,Gift Card,Completed
O000752,C00183,2025-09-02 00:00:00,App,Desktop,225.89,42.56,0,13.75,197.08,Apple Pay,Completed
O000385,C00095,2025-09-03 00:00:00,Web,Tablet,33.06,4.78,6.99,2.12,37.39,Credit Card,Completed
O000511,C00127,2025-09-03 00:00:00,Web,Mobile,326.66,54.07,0,20.44,293.03,Credit Card,Completed
O000335,C00082,2025-09-05 00:00:00,Web,Mobile,1063.61,317.14,0,55.99,802.46,Apple Pay,Completed
O000451,C00113,2025-09-06 00:00:00,App,Tablet,685.34,104.81,0,43.54,624.07,Apple Pay,Completed
O000407,C00102,2025-09-08 00:00:00,App,Tablet,270.47,33.07,0,17.81,255.21,Apple Pay,Completed
O000458,C00114,2025-09-08 00:00:00,App,Tablet,790.79,132.59,0,49.36,707.56,Credit Card,Completed
O000543,C00135,2025-09-08 00:00:00,App,Tablet,139.59,23.47,0,8.71,124.83,Gift Card,Completed
O000762,C00185,2025-09-08 00:00:00,Web,Tablet,282.36,47.28,0,17.63,252.71,PayPal,Completed
O000077,C00023,2025-09-09 00:00:00,App,Desktop,109.78,19.61,0,6.76,96.93,Credit Card,Completed
O000148,C00040,2025-09-11 00:00:00,Web,Desktop,414.02,48.91,0,27.38,392.49,PayPal,Completed
O000475,C00118,2025-09-11 00:00:00,App,Desktop,491.03,83.01,0,30.6,438.62,Credit Card,Completed
O000380,C00094,2025-09-12 00:00:00,App,Desktop,326.66,58.73,0,20.09,288.02,Gift Card,Completed
O000042,C00016,2025-09-13 00:00:00,Web,Mobile,466.96,49.3,0,31.32,448.98,Apple Pay,Completed
O000050,C00017,2025-09-13 00:00:00,Web,Desktop,233.33,35.46,0,14.84,212.71,PayPal,Completed
O000309,C00073,2025-09-14 00:00:00,Web,Mobile,261.91,41.76,0,16.51,236.66,Apple Pay,Completed
O000819,C00197,2025-09-14 00:00:00,Web,Mobile,364.2,56.2,0,23.1,331.1,Gift Card,Completed
O000034,C00014,2025-09-15 00:00:00,Web,Mobile,81.1,5.81,0,5.65,80.94,PayPal,Completed
O000239,C00056,2025-09-16 00:00:00,Web,Mobile,206.06,34.4,0,12.87,184.53,Apple Pay,Completed
O000790,C00190,2025-09-18 00:00:00,App,Desktop,272.04,33.91,0,17.86,255.99,Apple Pay,Completed
O000121,C00030,2025-09-19 00:00:00,App,Mobile,455.21,89.73,0,27.41,392.89,Credit Card,Completed
O000699,C00169,2025-09-19 00:00:00,App,Mobile,318.18,28.15,0,21.75,311.78,Apple Pay,Completed
O000835,C00200,2025-09-19 00:00:00,App,Desktop,590.1,47.11,0,40.72,583.71,Apple Pay,Completed
O000495,C00123,2025-09-20 00:00:00,Web,Desktop,159.09,21.9,0,10.29,147.48,Gift Card,Completed
O000592,C00148,2025-09-21 00:00:00,Web,Mobile,337.81,36.06,0,22.63,324.38,PayPal,Completed
O000253,C00061,2025-09-23 00:00:00,Web,Mobile,340.81,27.82,0,23.47,336.46,Gift Card,Completed
O000336,C00082,2025-09-25 00:00:00,Web,Desktop,297.2,51.33,0,18.44,264.31,Credit Card,Completed
O000684,C00167,2025-09-25 00:00:00,Web,Mobile,520.88,64.91,0,34.2,490.17,PayPal,Completed
O000763,C00185,2025-09-25 00:00:00,App,Mobile,95.31,14.44,0,6.07,86.94,Gift Card,Completed
O000808,C00195,2025-09-26 00:00:00,Web,Tablet,164.37,37.3,0,9.53,136.6,Apple Pay,Completed
O000131,C00033,2025-09-28 00:00:00,Web,Desktop,155.72,7.57,0,11.11,159.26,Apple Pay,Completed
O000636,C00157,2025-09-28 00:00:00,App,Tablet,192.42,43.26,0,11.19,160.35,Apple Pay,Completed
O000212,C00053,2025-09-29 00:00:00,App,Tablet,69.07,9.19,0,4.49,64.37,Credit Card,Completed
O000300,C00070,2025-09-29 00:00:00,App,Tablet,440.61,52.2,0,29.13,417.54,PayPal,Completed
O000413,C00104,2025-09-30 00:00:00,App,Mobile,337.81,10.72,0,24.53,351.62,PayPal,Completed
O000204,C00052,2025-10-01 00:00:00,App,Desktop,1138.02,116.21,0,76.64,1098.45,Credit Card,Completed
O000391,C00097,2025-10-01 00:00:00,App,Desktop,27.45,7.19,6.99,1.52,28.77,Apple Pay,Completed
O000400,C00099,2025-10-01 00:00:00,Web,Tablet,581.82,31.76,0,41.25,591.31,Gift Card,Completed
O000104,C00026,2025-10-02 00:00:00,Web,Tablet,282.36,57.2,0,16.89,242.05,Credit Card,Completed
O000027,C00009,2025-10-03 00:00:00,App,Tablet,308.48,59.97,0,18.64,267.15,Apple Pay,Completed
O000588,C00145,2025-10-03 00:00:00,Web,Tablet,58.4,15.91,6.99,3.19,52.67,Apple Pay,Returned
O000339,C00082,2025-10-04 00:00:00,App,Tablet,288.56,56.07,0,17.44,249.93,PayPal,Completed
O000137,C00035,2025-10-05 00:00:00,App,Desktop,31.93,2.29,6.99,2.22,38.85,Apple Pay,Completed
O000585,C00145,2025-10-05 00:00:00,App,Tablet,443.68,90.41,0,26.5,379.77,Apple Pay,Returned
O000799,C00191,2025-10-05 00:00:00,Web,Desktop,225.38,43.06,0,13.67,195.99,Credit Card,Returned
O000078,C00023,2025-10-07 00:00:00,App,Mobile,46.15,6.23,6.99,2.99,49.9,Apple Pay,Completed
O000245,C00059,2025-10-07 00:00:00,App,Tablet,610.83,94.94,0,38.69,554.58,Credit Card,Completed
O000290,C00069,2025-10-07 00:00:00,Web,Desktop,341.05,46.03,0,22.13,317.15,Apple Pay,Completed
O000596,C00150,2025-10-07 00:00:00,App,Desktop,10.46,1.51,0,0.67,9.62,Credit Card,Completed
O000332,C00081,2025-10-08 00:00:00,Web,Desktop,309.44,62.51,0,18.52,265.45,Credit Card,Returned
O000638,C00157,2025-10-09 00:00:00,Web,Desktop,695.63,33.43,0,49.67,711.87,Apple Pay,Completed
O000268,C00065,2025-10-11 00:00:00,Web,Mobile,239.64,29.91,0,15.73,225.46,Credit Card,Completed
O000420,C00107,2025-10-12 00:00:00,Web,Desktop,199.95,29.98,0,12.75,182.72,Apple Pay,Completed
O000537,C00134,2025-10-12 00:00:00,Web,Mobile,192.47,14.44,0,13.35,191.38,Apple Pay,Completed
O000632,C00157,2025-10-12 00:00:00,Web,Mobile,10.46,0.19,0,0.77,11.04,Credit Card,Completed
O000141,C00036,2025-10-13 00:00:00,App,Tablet,592.52,141.55,0,33.82,484.79,Apple Pay,Completed
O000735,C00177,2025-10-13 00:00:00,App,Mobile,687.05,105.14,0,43.64,625.55,Gift Card,Completed
O000079,C00023,2025-10-14 00:00:00,App,Mobile,373.89,70.38,0,22.76,326.27,Gift Card,Completed
O000302,C00070,2025-10-14 00:00:00,Web,Mobile,794.66,119.11,0,50.67,726.22,Gift Card,Returned
O000516,C00129,2025-10-14 00:00:00,App,Tablet,480.8,101.05,0,28.48,408.23,PayPal,Completed
O000522,C00130,2025-10-14 00:00:00,App,Tablet,37.29,0.0,6.99,2.8,47.08,Apple Pay,Completed
O000539,C00134,2025-10-15 00:00:00,App,Desktop,284.16,40.31,0,18.29,262.14,Gift Card,Completed
O000834,C00200,2025-10-15 00:00:00,Web,Mobile,295.85,39.91,0,19.2,275.14,Credit Card,Completed
O000055,C00017,2025-10-16 00:00:00,Web,Desktop,233.63,54.75,0,13.42,192.3,Gift Card,Completed
O000389,C00096,2025-10-17 00:00:00,Web,Tablet,240.4,79.86,0,12.04,172.58,Credit Card,Returned
O000646,C00159,2025-10-17 00:00:00,Web,Tablet,60.81,4.43,0,4.23,60.61,Apple Pay,Completed
O000013,C00006,2025-10-18 00:00:00,App,Tablet,77.63,17.16,0,4.54,65.01,Gift Card,Completed
O000593,C00148,2025-10-18 00:00:00,App,Tablet,657.07,114.59,0,40.69,583.17,Apple Pay,Completed
O000742,C00181,2025-10-18 00:00:00,Web,Tablet,130.77,6.85,0,9.29,133.21,PayPal,Completed
O000085,C00024,2025-10-20 00:00:00,Web,Desktop,432.11,100.35,0,24.88,356.64,Gift Card,Completed
O000542,C00135,2025-10-20 00:00:00,Web,Mobile,527.62,59.73,0,35.09,502.98,Gift Card,Completed
O000343,C00083,2025-10-25 00:00:00,App,Mobile,84.85,15.76,0,5.18,74.27,Apple Pay,Returned
O000671,C00165,2025-10-25 00:00:00,Web,Desktop,126.22,21.76,0,7.83,112.29,PayPal,Completed
O000009,C00002,2025-10-26 00:00:00,Web,Tablet,421.26,79.99,0,25.6,366.87,Apple Pay,Completed
O000098,C00026,2025-10-26 00:00:00,Web,Desktop,487.81,70.49,0,31.3,448.62,Credit Card,Returned
O000395,C00098,2025-10-26 00:00:00,App,Mobile,31.38,0.69,0,2.3,32.99,Apple Pay,Completed
O000136,C00035,2025-10-27 00:00:00,Web,Mobile,209.53,60.9,0,11.15,159.78,PayPal,Completed
O000108,C00027,2025-10-29 00:00:00,App,Desktop,192.47,28.2,0,12.32,176.59,Credit Card,Completed
O000633,C00157,2025-10-29 00:00:00,App,Tablet,388.24,40.72,0,26.06,373.58,Credit Card,Completed
O000666,C00164,2025-10-29 00:00:00,Web,Desktop,1610.95,167.31,0,108.27,1551.91,Credit Card,Completed
O000003,C00001,2025-10-30 00:00:00,Web,Tablet,248.29,74.41,0,13.04,186.92,Apple Pay,Completed
O000025,C00009,2025-10-30 00:00:00,App,Mobile,385.76,96.33,0,21.71,311.14,Apple Pay,Returned
O000094,C00026,2025-10-31 00:00:00,Web,Tablet,100.32,12.64,0,6.58,94.26,Apple Pay,Completed
O000419,C00107,2025-10-31 00:00:00,Web,Mobile,556.09,62.06,0,37.05,531.08,PayPal,Completed
O000736,C00177,2025-10-31 00:00:00,Web,Desktop,180.66,23.5,0,11.79,168.95,Credit Card,Completed
O000154,C00041,2025-11-03 00:00:00,Web,Mobile,77.63,3.89,0,5.53,79.27,PayPal,Completed
O000546,C00137,2025-11-03 00:00:00,Web,Tablet,820.72,96.96,0,54.28,778.04,PayPal,Completed
O000707,C00171,2025-11-03 00:00:00,Web,Tablet,747.45,97.56,0,48.74,698.63,Gift Card,Completed
O000128,C00033,2025-11-04 00:00:00,App,Tablet,192.47,15.83,0,13.25,189.89,Credit Card,Cancelled
O000147,C00040,2025-11-04 00:00:00,App,Mobile,295.85,54.06,0,18.13,259.92,Apple Pay,Completed
O000361,C00089,2025-11-04 00:00:00,Web,Tablet,240.66,25.4,0,16.14,231.4,Gift Card,Completed
O000089,C00025,2025-11-05 00:00:00,App,Desktop,144.28,23.35,0,9.07,130.0,PayPal,Completed
O000403,C00099,2025-11-06 00:00:00,Web,Desktop,217.19,19.81,0,14.8,212.18,Gift Card,Completed
O000600,C00151,2025-11-06 00:00:00,Web,Tablet,199.95,16.39,0,13.77,197.33,Apple Pay,Completed
O000467,C00117,2025-11-07 00:00:00,Web,Tablet,591.7,150.05,0,33.12,474.77,PayPal,Completed
O000761,C00185,2025-11-09 00:00:00,App,Desktop,154.74,28.98,0,9.43,135.19,Credit Card,Completed
O000382,C00094,2025-11-10 00:00:00,Web,Desktop,239.64,29.5,0,15.76,225.9,Credit Card,Completed
O000172,C00047,2025-11-11 00:00:00,App,Mobile,39.57,2.75,0,2.76,39.58,Apple Pay,Completed
O000750,C00183,2025-11-11 00:00:00,Web,Tablet,192.47,37.91,0,11.59,166.15,Apple Pay,Completed
O000796,C00191,2025-11-11 00:00:00,Web,Desktop,144.28,11.47,0,9.96,142.77,Apple Pay,Completed
O000039,C00015,2025-11-12 00:00:00,Web,Desktop,33.06,1.8,6.99,2.34,40.59,Apple Pay,Completed
O000097,C00026,2025-11-12 00:00:00,App,Desktop,315.43,56.17,0,19.44,278.7,PayPal,Completed
O000318,C00075,2025-11-12 00:00:00,Web,Tablet,325.46,51.42,0,20.55,294.59,Credit Card,Completed
O000836,C00200,2025-11-12 00:00:00,Web,Tablet,315.43,47.28,0,20.11,288.26,Credit Card,Completed
O000422,C00107,2025-11-13 00:00:00,App,Desktop,39.57,8.48,6.99,2.33,40.41,Credit Card,Completed
O000645,C00159,2025-11-13 00:00:00,Web,Mobile,252.21,39.69,0,15.94,228.46,Apple Pay,Completed
O000663,C00164,2025-11-13 00:00:00,App,Mobile,412.67,32.39,0,28.52,408.8,Credit Card,Completed
O000538,C00134,2025-11-14 00:00:00,Web,Tablet,78.29,8.27,0,5.25,75.27,Apple Pay,Completed
O000096,C00026,2025-11-15 00:00:00,App,Tablet,339.4,56.59,0,21.21,304.02,PayPal,Completed
O000232,C00054,2025-11-15 00:00:00,App,Desktop,280.79,12.35,0,20.13,288.57,PayPal,Completed
O000111,C00027,2025-11-16 00:00:00,Web,Desktop,419.66,45.73,0,28.04,401.97,Gift Card,Completed
O000613,C00152,2025-11-16 00:00:00,Web,Mobile,501.18,74.59,0,31.99,458.58,Gift Card,Completed
O000683,C00167,2025-11-16 00:00:00,Web,Mobile,302.0,35.25,0,20.01,286.76,Credit Card,Completed
O000248,C00059,2025-11-17 00:00:00,Web,Mobile,287.9,66.22,0,16.63,238.31,Apple Pay,Returned
O000549,C00137,2025-11-17 00:00:00,App,Mobile,776.7,117.66,0,49.43,708.47,PayPal,Completed
O000580,C00143,2025-11-17 00:00:00,Web,Tablet,583.82,66.97,0,38.76,555.61,PayPal,Completed
O000087,C00024,2025-11-18 00:00:00,App,Tablet,466.66,28.18,0,32.89,471.37,Apple Pay,Returned
O000306,C00073,2025-11-19 00:00:00,Web,Mobile,253.34,29.52,0,16.79,240.61,Apple Pay,Completed
O000029,C00012,2025-11-20 00:00:00,Web,Tablet,386.34,40.02,0,25.97,372.29,Apple Pay,Completed
O000213,C00053,2025-11-21 00:00:00,App,Mobile,77.63,9.83,0,5.08,72.88,PayPal,Completed
O000337,C00082,2025-11-21 00:00:00,App,Tablet,295.85,39.52,0,19.22,275.55,Gift Card,Completed
O000697,C00169,2025-11-21 00:00:00,App,Mobile,505.42,32.57,0,35.46,508.31,Credit Card,Completed
O000440,C00111,2025-11-22 00:00:00,App,Mobile,617.42,65.42,0,41.4,593.4,Apple Pay,Completed
O000732,C00176,2025-11-23 00:00:00,Web,Desktop,225.89,10.51,0,16.15,231.53,Apple Pay,Returned
O000031,C00012,2025-11-24 00:00:00,App,Mobile,138.83,19.03,0,8.99,128.79,Credit Card,Completed
O000298,C00070,2025-11-24 00:00:00,Web,Tablet,144.28,29.11,0,8.64,123.81,PayPal,Completed
O000352,C00085,2025-11-24 00:00:00,Web,Desktop,337.81,38.16,0,22.47,322.12,PayPal,Completed
O000244,C00058,2025-11-25 00:00:00,App,Mobile,206.06,43.5,0,12.19,174.75,Credit Card,Completed
O000053,C00017,2025-11-26 00:00:00,Web,Tablet,28.73,4.21,0,1.84,26.36,Apple Pay,Completed
O000429,C00109,2025-11-26 00:00:00,App,Desktop,348.34,42.65,0,22.93,328.62,Credit Card,Completed
O000748,C00182,2025-11-26 00:00:00,App,Desktop,10.46,0.89,6.99,0.72,17.28,PayPal,Completed
O000081,C00024,2025-11-27 00:00:00,App,Desktop,279.18,35.52,0,18.27,261.93,Gift Card,Completed
O000489,C00122,2025-11-27 00:00:00,App,Mobile,400.2,25.25,0,28.12,403.07,Gift Card,Completed
O000794,C00190,2025-11-27 00:00:00,Web,Mobile,39.57,1.61,0,2.85,40.81,PayPal,Returned
O000080,C00024,2025-11-28 00:00:00,Web,Mobile,139.74,37.04,0,7.7,110.4,Gift Card,Completed
O000394,C00098,2025-11-28 00:00:00,Web,Mobile,207.22,30.89,0,13.22,189.55,Credit Card,Returned
O000801,C00192,2025-11-28 00:00:00,Web,Mobile,219.83,25.61,0,14.57,208.79,Gift Card,Completed
O000798,C00191,2025-11-29 00:00:00,Web,Desktop,682.1,74.96,0,45.54,652.68,PayPal,Completed
O000701,C00169,2025-11-30 00:00:00,Web,Tablet,37.29,2.66,6.99,2.6,44.22,Credit Card,Completed
O000150,C00040,2025-12-01 00:00:00,App,Desktop,27.45,5.66,0,1.63,23.42,Credit Card,Completed
O000194,C00050,2025-12-01 00:00:00,App,Mobile,861.64,77.02,0,58.85,843.47,Apple Pay,Completed
O000381,C00094,2025-12-01 00:00:00,Web,Tablet,111.93,25.65,0,6.47,92.75,PayPal,Completed
O000691,C00168,2025-12-01 00:00:00,App,Desktop,98.7,9.54,0,6.69,95.85,Gift Card,Completed
O000123,C00030,2025-12-02 00:00:00,App,Mobile,144.28,17.43,0,9.51,136.36,Credit Card,Completed
O000705,C00170,2025-12-02 00:00:00,App,Mobile,219.83,28.08,0,14.38,206.13,Apple Pay,Completed
O000129,C00033,2025-12-03 00:00:00,Web,Tablet,341.05,23.35,0,23.83,341.53,Credit Card,Completed
O000265,C00064,2025-12-03 00:00:00,Web,Tablet,591.58,100.43,0,36.84,527.99,Credit Card,Completed
O000557,C00138,2025-12-03 00:00:00,App,Tablet,27.45,5.23,6.99,1.67,30.88,PayPal,Returned
O000533,C00133,2025-12-04 00:00:00,Web,Desktop,216.32,49.12,0,12.54,179.74,Credit Card,Completed
O000595,C00150,2025-12-04 00:00:00,App,Desktop,230.94,27.75,0,15.24,218.43,Gift Card,Completed
O000809,C00196,2025-12-04 00:00:00,Web,Desktop,63.63,11.68,0,3.9,55.85,Apple Pay,Completed
O000629,C00157,2025-12-06 00:00:00,Web,Desktop,708.5,2.06,0,52.98,759.42,Apple Pay,Completed
O000771,C00187,2025-12-06 00:00:00,App,Tablet,192.47,21.38,0,12.83,183.92,PayPal,Completed
O000795,C00190,2025-12-06 00:00:00,App,Mobile,422.23,60.65,0,27.12,388.7,Credit Card,Completed
O000101,C00026,2025-12-07 00:00:00,App,Desktop,527.62,33.94,0,37.03,530.71,Apple Pay,Completed
O000223,C00054,2025-12-07 00:00:00,App,Tablet,341.05,31.02,0,23.25,333.28,Apple Pay,Completed
O000251,C00059,2025-12-07 00:00:00,Web,Tablet,384.94,29.61,0,26.65,381.98,PayPal,Cancelled
O000432,C00110,2025-12-08 00:00:00,Web,Desktop,143.31,19.69,0,9.27,132.89,Gift Card,Completed
O000051,C00017,2025-12-09 00:00:00,Web,Desktop,77.63,2.36,0,5.65,80.92,PayPal,Completed
O000624,C00157,2025-12-09 00:00:00,Web,Mobile,67.92,12.82,0,4.13,59.23,Credit Card,Completed
O000173,C00047,2025-12-11 00:00:00,Web,Tablet,466.66,29.92,0,32.76,469.5,Credit Card,Completed
O000548,C00137,2025-12-17 00:00:00,App,Tablet,95.31,16.31,0,5.92,84.92,Gift Card,Completed
O000803,C00193,2025-12-17 00:00:00,Web,Mobile,355.24,51.92,0,22.75,326.07,Credit Card,Completed
O000500,C00124,2025-12-18 00:00:00,Web,Desktop,339.4,35.43,0,22.8,326.77,Credit Card,Completed
O000414,C00104,2025-12-19 00:00:00,Web,Mobile,263.81,27.79,0,17.7,253.72,Apple Pay,Returned
O000643,C00158,2025-12-21 00:00:00,App,Tablet,239.64,36.51,0,15.23,218.36,Gift Card,Completed
O000134,C00034,2025-12-23 00:00:00,App,Mobile,340.39,30.34,0,23.25,333.3,Apple Pay,Returned
O000305,C00073,2025-12-23 00:00:00,App,Desktop,240.66,35.17,0,15.41,220.9,Credit Card,Completed
O000356,C00086,2025-12-23 00:00:00,Web,Desktop,1018.2,94.6,0,69.27,992.87,Apple Pay,Completed
O000792,C00190,2025-12-23 00:00:00,App,Tablet,412.39,34.47,0,28.34,406.26,PayPal,Completed
O000024,C00009,2025-12-24 00:00:00,App,Mobile,111.93,31.64,0,6.02,86.31,PayPal,Completed
O000115,C00029,2025-12-24 00:00:00,Web,Desktop,337.81,86.35,0,18.86,270.32,Credit Card,Completed
O000833,C00200,2025-12-24 00:00:00,App,Mobile,460.22,31.76,0,32.13,460.59,Credit Card,Completed
O000272,C00067,2025-12-25 00:00:00,Web,Desktop,217.19,10.95,0,15.47,221.71,PayPal,Completed
O000161,C00041,2025-12-26 00:00:00,App,Desktop,348.34,36.59,0,23.38,335.13,Gift Card,Completed
O000652,C00160,2025-12-26 00:00:00,Web,Tablet,55.94,9.24,0,3.5,50.2,Credit Card,Completed
O000291,C00069,2025-12-27 00:00:00,App,Tablet,302.5,58.47,0,18.3,262.33,Apple Pay,Completed
O000428,C00109,2025-12-27 00:00:00,App,Tablet,223.86,44.81,0,13.43,192.48,Gift Card,Completed
O000410,C00102,2025-12-28 00:00:00,Web,Tablet,513.04,68.35,0,33.35,478.04,Gift Card,Completed
O000307,C00073,2025-12-30 00:00:00,App,Tablet,231.37,12.65,0,16.4,235.12,Gift Card,Completed
O000088,C00025,2025-12-31 00:00:00,App,Mobile,1112.18,210.21,0,67.65,969.62,Apple Pay,Completed
O000334,C00082,2025-12-31 00:00:00,App,Tablet,315.79,68.59,0,18.54,265.74,PayPal,Completed
O000528,C00133,2026-01-01 00:00:00,App,Desktop,192.42,38.16,0,11.57,165.83,Apple Pay,Completed
O000438,C00111,2026-01-02 00:00:00,Web,Desktop,335.69,20.49,0,23.64,338.84,PayPal,Completed
O000084,C00024,2026-01-04 00:00:00,App,Tablet,225.89,47.66,0,13.37,191.6,Apple Pay,Completed
O000095,C00026,2026-01-04 00:00:00,App,Desktop,239.64,29.13,0,15.79,226.3,Apple Pay,Returned
O000011,C00003,2026-01-05 00:00:00,Web,Desktop,434.38,64.59,0,27.73,397.52,Apple Pay,Completed
O000326,C00078,2026-01-08 00:00:00,Web,Mobile,326.66,78.42,0,18.62,266.86,Gift Card,Completed
O000626,C00157,2026-01-08 00:00:00,App,Desktop,68.86,6.7,0,4.66,66.82,Credit Card,Completed
O000586,C00145,2026-01-09 00:00:00,App,Mobile,163.75,33.95,0,9.74,139.54,PayPal,Completed
O000001,C00001,2026-01-10 00:00:00,Web,Desktop,270.47,63.36,0,15.53,222.64,Gift Card,Returned
O000016,C00007,2026-01-10 00:00:00,App,Tablet,217.74,21.44,0,14.72,211.02,Apple Pay,Completed
O000312,C00074,2026-01-10 00:00:00,Web,Desktop,63.63,12.82,0,3.81,54.62,Gift Card,Completed
O000396,C00098,2026-01-10 00:00:00,App,Mobile,148.6,18.28,0,9.77,140.09,Apple Pay,Completed
O000015,C00006,2026-01-11 00:00:00,Web,Mobile,547.86,91.46,0,34.23,490.63,Credit Card,Completed
O000234,C00054,2026-01-12 00:00:00,App,Tablet,233.33,25.71,0,15.57,223.19,Credit Card,Completed
O000184,C00048,2026-01-13 00:00:00,App,Mobile,330.14,35.03,0,22.13,317.24,Apple Pay,Completed
O000535,C00134,2026-01-14 00:00:00,Web,Tablet,708.93,116.69,0,44.42,636.66,Gift Card,Completed
O000789,C00190,2026-01-14 00:00:00,App,Mobile,309.44,43.39,0,19.95,286.0,Credit Card,Completed
O000083,C00024,2026-01-15 00:00:00,Web,Tablet,33.06,4.12,0,2.17,31.11,PayPal,Cancelled
O000304,C00070,2026-01-15 00:00:00,Web,Tablet,39.57,6.91,0,2.45,35.11,PayPal,Completed
O000552,C00137,2026-01-15 00:00:00,App,Desktop,315.43,18.22,0,22.29,319.5,Credit Card,Completed
O000760,C00185,2026-01-15 00:00:00,App,Mobile,337.81,41.09,0,22.25,318.97,Gift Card,Completed
O000017,C00007,2026-01-16 00:00:00,App,Desktop,219.92,43.59,0,13.22,189.55,Gift Card,Completed
O000503,C00125,2026-01-16 00:00:00,App,Mobile,295.85,32.69,0,19.74,282.9,PayPal,Completed
O000570,C00141,2026-01-16 00:00:00,App,Mobile,677.78,17.61,0,49.51,709.68,Apple Pay,Completed
O000802,C00192,2026-01-16 00:00:00,App,Tablet,339.4,74.16,0,19.89,285.13,Apple Pay,Completed
O000421,C00107,2026-01-17 00:00:00,Web,Tablet,302.0,35.94,0,19.95,286.01,Gift Card,Completed
O000472,C00118,2026-01-17 00:00:00,App,Tablet,103.03,19.59,0,6.26,89.7,Credit Card,Cancelled
O000188,C00048,2026-01-18 00:00:00,Web,Mobile,146.09,0.0,0,10.96,157.05,Gift Card,Completed
O000483,C00122,2026-01-19 00:00:00,Web,Mobile,409.46,48.06,0,27.1,388.5,Credit Card,Completed
O000587,C00145,2026-01-19 00:00:00,App,Tablet,60.94,18.56,6.99,3.18,52.55,PayPal,Completed
O000191,C00049,2026-01-20 00:00:00,App,Mobile,84.85,11.14,0,5.53,79.24,Apple Pay,Completed
O000143,C00036,2026-01-21 00:00:00,Web,Desktop,77.63,16.2,0,4.61,66.04,PayPal,Completed
O000071,C00021,2026-01-24 00:00:00,Web,Tablet,564.72,132.45,0,32.42,464.69,PayPal,Completed
O000074,C00023,2026-01-25 00:00:00,Web,Mobile,759.18,147.75,0,45.86,657.29,Apple Pay,Returned
O000263,C00063,2026-01-25 00:00:00,Web,Tablet,763.12,144.26,0,46.41,665.27,PayPal,Completed
O000338,C00082,2026-01-25 00:00:00,App,Tablet,344.95,76.95,0,20.1,288.1,Gift Card,Completed
O000479,C00120,2026-01-25 00:00:00,App,Tablet,263.85,5.18,0,19.4,278.07,Gift Card,Completed
O000018,C00007,2026-01-26 00:00:00,Web,Tablet,159.55,9.07,0,11.29,161.77,Apple Pay,Completed
O000544,C00135,2026-01-26 00:00:00,App,Desktop,146.93,29.29,0,8.82,126.46,Apple Pay,Returned
O000718,C00172,2026-01-26 00:00:00,Web,Desktop,573.03,63.56,0,38.21,547.68,PayPal,Completed
O000754,C00184,2026-01-26 00:00:00,Web,Tablet,46.15,8.29,6.99,2.84,47.69,Gift Card,Completed
O000093,C00026,2026-01-28 00:00:00,App,Tablet,148.6,28.19,0,9.03,129.44,Credit Card,Completed
O000327,C00078,2026-01-28 00:00:00,App,Desktop,933.32,124.1,0,60.69,869.91,Credit Card,Completed
O000030,C00012,2026-01-29 00:00:00,Web,Mobile,414.44,23.89,0,29.29,419.84,PayPal,Completed
O000152,C00040,2026-01-30 00:00:00,Web,Mobile,164.37,17.05,0,11.05,158.37,PayPal,Completed
O000797,C00191,2026-01-30 00:00:00,App,Mobile,130.77,22.16,0,8.15,116.76,Apple Pay,Completed
O000829,C00199,2026-01-30 00:00:00,App,Tablet,340.81,57.84,0,21.22,304.19,PayPal,Completed
O000280,C00068,2026-01-31 00:00:00,App,Tablet,14.66,2.87,0,0.88,12.67,PayPal,Completed
O000388,C00096,2026-01-31 00:00:00,App,Desktop,309.29,76.63,0,17.45,250.11,PayPal,Completed
O000507,C00126,2026-02-01 00:00:00,App,Desktop,103.03,14.28,0,6.66,95.41,Gift Card,Completed
O000551,C00137,2026-02-01 00:00:00,Web,Desktop,192.47,28.16,0,12.32,176.63,Credit Card,Completed
O000331,C00080,2026-02-02 00:00:00,Web,Tablet,262.79,25.72,0,17.78,254.85,Apple Pay,Completed
O000329,C00078,2026-02-04 00:00:00,App,Tablet,340.39,66.81,0,20.52,294.1,Credit Card,Completed
O000450,C00113,2026-02-04 00:00:00,Web,Desktop,92.3,10.11,0,6.16,88.35,PayPal,Completed
O000466,C00117,2026-02-04 00:00:00,App,Mobile,340.81,62.27,0,20.89,299.43,PayPal,Completed
O000656,C00160,2026-02-04 00:00:00,App,Desktop,791.43,180.88,0,45.79,656.34,Credit Card,Completed
O000072,C00021,2026-02-05 00:00:00,App,Tablet,680.45,143.91,0,40.24,576.78,Credit Card,Completed
O000048,C00017,2026-02-07 00:00:00,App,Desktop,254.16,33.14,0,16.58,237.6,Gift Card,Completed
O000471,C00117,2026-02-07 00:00:00,Web,Mobile,219.83,25.41,0,14.58,209.0,Gift Card,Completed
O000618,C00154,2026-02-07 00:00:00,Web,Tablet,233.63,39.8,0,14.54,208.37,Gift Card,Completed
O000436,C00111,2026-02-08 00:00:00,Web,Mobile,148.6,3.75,0,10.86,155.71,Apple Pay,Completed
O000816,C00197,2026-02-08 00:00:00,App,Mobile,564.72,116.78,0,33.6,481.54,Credit Card,Completed
O000345,C00084,2026-02-09 00:00:00,Web,Desktop,263.81,50.52,0,16.0,229.29,Apple Pay,Completed
O000454,C00114,2026-02-09 00:00:00,App,Tablet,326.66,73.59,0,18.98,272.05,Gift Card,Completed
O000133,C00034,2026-02-11 00:00:00,App,Desktop,323.73,45.72,0,20.85,298.86,Credit Card,Completed
O000274,C00067,2026-02-11 00:00:00,Web,Desktop,209.53,26.47,0,13.73,196.79,Credit Card,Completed
O000599,C00150,2026-02-14 00:00:00,App,Desktop,370.17,30.7,0,25.46,364.93,Gift Card,Completed
O000126,C00031,2026-02-15 00:00:00,Web,Tablet,302.0,14.83,0,21.54,308.71,Credit Card,Completed
O000452,C00114,2026-02-15 00:00:00,App,Tablet,919.43,194.78,0,54.35,779.0,Credit Card,Completed
O000513,C00128,2026-02-15 00:00:00,Web,Tablet,144.28,15.77,0,9.64,138.15,PayPal,Completed
O000165,C00042,2026-02-16 00:00:00,App,Desktop,176.37,29.88,0,10.99,157.48,PayPal,Completed
O000398,C00099,2026-02-16 00:00:00,App,Desktop,397.8,26.64,0,27.84,399.0,Gift Card,Completed
O000168,C00045,2026-02-17 00:00:00,App,Tablet,14.66,1.07,6.99,1.02,21.6,Apple Pay,Completed
O000269,C00066,2026-02-18 00:00:00,App,Desktop,309.44,19.84,0,21.72,311.32,Apple Pay,Completed
O000392,C00097,2026-02-18 00:00:00,App,Desktop,1084.37,188.72,0,67.17,962.82,Credit Card,Completed
O000631,C00157,2026-02-18 00:00:00,Web,Desktop,10.46,1.29,0,0.69,9.86,Credit Card,Completed
O000559,C00139,2026-02-19 00:00:00,App,Mobile,192.42,27.69,0,12.35,177.08,PayPal,Completed
O000560,C00139,2026-02-20 00:00:00,Web,Tablet,371.98,47.12,0,24.36,349.22,Gift Card,Completed
O000267,C00065,2026-02-21 00:00:00,Web,Mobile,309.44,27.42,0,21.15,303.17,PayPal,Completed
O000753,C00183,2026-02-21 00:00:00,App,Desktop,225.89,60.03,0,12.44,178.3,Gift Card,Completed
O000278,C00068,2026-02-22 00:00:00,App,Desktop,14.66,3.81,0,0.81,11.66,PayPal,Cancelled
O000308,C00073,2026-02-22 00:00:00,App,Tablet,630.86,104.44,0,39.48,565.9,PayPal,Completed
O000605,C00151,2026-02-22 00:00:00,App,Desktop,199.83,49.92,0,11.24,161.15,Gift Card,Returned
O000060,C00017,2026-02-23 00:00:00,Web,Desktop,804.69,118.71,0,51.45,737.43,Credit Card,Completed
O000145,C00038,2026-02-23 00:00:00,Web,Mobile,399.66,54.78,0,25.87,370.75,Gift Card,Completed
O000341,C00083,2026-02-24 00:00:00,Web,Desktop,267.41,20.59,0,18.51,265.33,PayPal,Completed
O000142,C00036,2026-02-26 00:00:00,App,Mobile,651.61,146.36,0,37.89,543.14,Gift Card,Completed
O000258,C00062,2026-02-26 00:00:00,App,Tablet,295.85,20.09,0,20.68,296.44,Apple Pay,Completed
O000776,C00188,2026-02-27 00:00:00,Web,Tablet,309.44,45.04,0,19.83,284.23,Credit Card,Completed
O000208,C00053,2026-02-28 00:00:00,App,Desktop,58.4,10.02,0,3.63,52.01,Credit Card,Completed
O000371,C00091,2026-03-01 00:00:00,Web,Mobile,398.83,26.72,0,27.91,400.02,Apple Pay,Completed
O000340,C00082,2026-03-02 00:00:00,App,Desktop,225.89,28.19,0,14.83,212.53,PayPal,Completed
O000678,C00167,2026-03-02 00:00:00,App,Desktop,452.72,62.17,0,29.29,419.84,PayPal,Completed
O000012,C00006,2026-03-03 00:00:00,Web,Mobile,545.96,24.06,0,39.14,561.04,PayPal,Completed
O000530,C00133,2026-03-03 00:00:00,Web,Desktop,432.84,37.77,0,29.63,424.7,Apple Pay,Completed
O000731,C00176,2026-03-03 00:00:00,Web,Tablet,225.89,36.67,0,14.19,203.41,Gift Card,Cancelled
O000598,C00150,2026-03-05 00:00:00,Web,Tablet,149.18,28.7,0,9.04,129.52,Credit Card,Completed
O000519,C00130,2026-03-06 00:00:00,Web,Mobile,261.54,21.0,0,18.04,258.58,PayPal,Completed
O000747,C00182,2026-03-06 00:00:00,Web,Desktop,451.78,9.44,0,33.18,475.52,Apple Pay,Returned
O000090,C00025,2026-03-08 00:00:00,Web,Mobile,77.86,21.7,0,4.21,60.37,Credit Card,Completed
O000661,C00163,2026-03-10 00:00:00,Web,Mobile,159.09,29.95,0,9.69,138.83,Apple Pay,Completed
O000698,C00169,2026-03-10 00:00:00,Web,Tablet,730.52,140.49,0,44.25,634.28,PayPal,Completed
O000064,C00019,2026-03-11 00:00:00,Web,Mobile,288.56,52.13,0,17.73,254.16,Apple Pay,Completed
O000117,C00030,2026-03-11 00:00:00,Web,Mobile,309.44,48.59,0,19.56,280.41,Apple Pay,Completed
O000167,C00045,2026-03-11 00:00:00,Web,Tablet,60.94,5.37,0,4.17,59.74,Gift Card,Completed
O000648,C00159,2026-03-11 00:00:00,Web,Tablet,163.75,24.64,0,10.43,149.54,Apple Pay,Returned
O000677,C00167,2026-03-11 00:00:00,Web,Mobile,63.63,7.35,0,4.22,60.5,PayPal,Returned
O000702,C00170,2026-03-13 00:00:00,Web,Mobile,344.95,80.62,0,19.82,284.15,Apple Pay,Completed
O000723,C00174,2026-03-13 00:00:00,App,Tablet,577.26,94.6,0,36.2,518.86,Gift Card,Completed
O000827,C00198,2026-03-13 00:00:00,App,Tablet,240.66,48.8,0,14.39,206.25,Credit Card,Completed
O000063,C00018,2026-03-14 00:00:00,App,Desktop,279.09,17.91,0,19.59,280.77,Gift Card,Completed
O000682,C00167,2026-03-15 00:00:00,Web,Tablet,384.84,74.82,0,23.25,333.27,Apple Pay,Completed
O000713,C00171,2026-03-15 00:00:00,Web,Tablet,98.7,12.92,0,6.43,92.21,Apple Pay,Completed
O000144,C00037,2026-03-18 00:00:00,Web,Tablet,282.36,37.28,0,18.38,263.46,Apple Pay,Completed
O000243,C00058,2026-03-18 00:00:00,App,Desktop,27.45,0.0,6.99,2.06,36.5,PayPal,Completed
O000589,C00146,2026-03-18 00:00:00,App,Mobile,115.22,18.88,0,7.23,103.57,Apple Pay,Completed
O000044,C00016,2026-03-19 00:00:00,Web,Desktop,427.47,97.35,0,24.76,354.88,Credit Card,Completed
O000462,C00116,2026-03-20 00:00:00,Web,Mobile,199.83,17.09,0,13.71,196.45,Apple Pay,Completed
O000828,C00199,2026-03-21 00:00:00,App,Mobile,337.81,59.64,0,20.86,299.03,Apple Pay,Completed
O000362,C00089,2026-03-22 00:00:00,App,Mobile,539.35,94.96,0,33.33,477.72,Apple Pay,Completed
O000376,C00092,2026-03-23 00:00:00,Web,Desktop,341.05,69.4,0,20.37,292.02,Credit Card,Completed
O000509,C00127,2026-03-23 00:00:00,App,Mobile,839.74,231.71,0,45.6,653.63,Credit Card,Returned
O000630,C00157,2026-03-23 00:00:00,Web,Desktop,144.28,0.99,0,10.75,154.04,PayPal,Completed
O000774,C00188,2026-03-23 00:00:00,App,Mobile,163.75,56.47,0,8.05,115.33,Apple Pay,Completed
O000425,C00109,2026-03-24 00:00:00,App,Desktop,127.58,7.02,0,9.04,129.6,Credit Card,Completed
O000745,C00182,2026-03-27 00:00:00,App,Tablet,225.89,31.08,0,14.61,209.42,Credit Card,Completed
O000777,C00189,2026-03-27 00:00:00,App,Mobile,1090.24,210.72,0,65.96,945.48,PayPal,Completed
O000092,C00026,2026-03-28 00:00:00,Web,Tablet,131.8,33.84,0,7.35,105.31,Apple Pay,Completed
O000255,C00061,2026-03-28 00:00:00,Web,Desktop,864.61,65.63,0,59.92,858.9,Gift Card,Completed
O000478,C00120,2026-03-28 00:00:00,App,Mobile,240.4,29.01,0,15.85,227.24,Apple Pay,Returned
O000130,C00033,2026-03-29 00:00:00,Web,Tablet,339.4,13.54,0,24.44,350.3,Credit Card,Completed
O000660,C00163,2026-03-30 00:00:00,Web,Mobile,209.53,28.44,0,13.58,194.67,Gift Card,Completed
O000739,C00180,2026-04-01 00:00:00,App,Tablet,309.44,40.31,0,20.18,289.31,Apple Pay,Completed
O000749,C00182,2026-04-01 00:00:00,App,Mobile,233.63,29.81,0,15.29,219.11,Apple Pay,Completed
O000673,C00166,2026-04-03 00:00:00,App,Mobile,340.81,106.66,0,17.56,251.71,PayPal,Returned
O000484,C00122,2026-04-06 00:00:00,Web,Tablet,680.25,58.11,0,46.66,668.8,Apple Pay,Completed
O000019,C00007,2026-04-07 00:00:00,App,Tablet,233.33,30.28,0,15.23,218.28,PayPal,Completed
O000714,C00171,2026-04-07 00:00:00,Web,Tablet,39.57,0.57,0,2.92,41.92,Apple Pay,Completed
O000734,C00176,2026-04-07 00:00:00,App,Tablet,127.58,14.23,0,8.5,121.85,Gift Card,Completed
O000793,C00190,2026-04-08 00:00:00,App,Mobile,192.47,36.66,0,11.69,167.5,Gift Card,Completed
O000831,C00199,2026-04-08 00:00:00,App,Desktop,144.28,25.95,0,8.87,127.2,PayPal,Completed
O000281,C00068,2026-04-09 00:00:00,App,Desktop,143.31,26.19,0,8.78,125.9,PayPal,Completed
O000759,C00185,2026-04-09 00:00:00,Web,Desktop,309.22,50.42,0,19.41,278.21,PayPal,Completed
O000800,C00192,2026-04-11 00:00:00,Web,Desktop,81.1,8.66,0,5.43,77.87,PayPal,Completed
O000076,C00023,2026-04-12 00:00:00,Web,Desktop,207.22,36.01,0,12.84,184.05,Gift Card,Completed
O000254,C00061,2026-04-12 00:00:00,Web,Mobile,199.95,38.25,0,12.13,173.83,Gift Card,Completed
O000075,C00023,2026-04-13 00:00:00,Web,Mobile,296.26,86.34,0,15.74,225.66,Credit Card,Completed
O000556,C00138,2026-04-16 00:00:00,App,Mobile,192.47,32.25,0,12.02,172.24,PayPal,Completed
O000449,C00113,2026-04-17 00:00:00,Web,Desktop,592.52,0.0,0,44.44,636.96,Credit Card,Completed
O000529,C00133,2026-04-18 00:00:00,App,Tablet,429.83,61.65,0,27.61,395.79,Gift Card,Completed
O000642,C00158,2026-04-18 00:00:00,Web,Mobile,796.47,126.19,0,50.27,720.55,Credit Card,Completed
O000720,C00172,2026-04-18 00:00:00,App,Tablet,100.32,19.67,0,6.05,86.7,Apple Pay,Completed
O000350,C00085,2026-04-19 00:00:00,Web,Mobile,525.8,115.79,0,30.75,440.76,PayPal,Completed
O000446,C00112,2026-04-19 00:00:00,App,Desktop,28.73,5.05,6.99,1.78,32.45,Gift Card,Returned
O000112,C00028,2026-04-20 00:00:00,App,Tablet,414.44,108.72,0,22.93,328.65,Credit Card,Completed
O000127,C00033,2026-04-20 00:00:00,Web,Mobile,302.5,45.46,0,19.28,276.32,Credit Card,Completed
O000342,C00083,2026-04-20 00:00:00,App,Mobile,16.55,4.31,6.99,0.92,20.15,Credit Card,Completed
O000692,C00168,2026-04-22 00:00:00,App,Desktop,81.1,2.55,0,5.89,84.44,Gift Card,Completed
O000685,C00168,2026-04-23 00:00:00,Web,Desktop,16.55,1.39,6.99,1.14,23.29,Apple Pay,Completed
O000192,C00050,2026-04-26 00:00:00,App,Tablet,162.2,18.47,0,10.78,154.51,Gift Card,Completed
O000820,C00197,2026-04-26 00:00:00,Web,Mobile,225.89,51.81,0,13.06,187.14,Gift Card,Completed
O000026,C00009,2026-04-27 00:00:00,Web,Desktop,315.43,54.64,0,19.56,280.35,PayPal,Completed
O000158,C00041,2026-04-27 00:00:00,Web,Tablet,282.36,9.45,0,20.47,293.38,PayPal,Returned
O000006,C00002,2026-04-28 00:00:00,Web,Tablet,295.85,67.83,0,17.1,245.12,Gift Card,Completed
O000185,C00048,2026-04-29 00:00:00,App,Tablet,79.14,9.12,0,5.25,75.27,Credit Card,Completed
O000246,C00059,2026-04-30 00:00:00,Web,Desktop,892.46,216.02,0,50.73,727.17,Apple Pay,Completed
O000576,C00141,2026-04-30 00:00:00,Web,Mobile,31.93,1.73,0,2.26,32.46,PayPal,Completed
O000247,C00059,2026-05-01 00:00:00,App,Mobile,216.0,54.1,0,12.14,174.04,Apple Pay,Completed
O000330,C00079,2026-05-01 00:00:00,Web,Tablet,139.74,9.96,0,9.73,139.51,Credit Card,Completed
O000418,C00105,2026-05-02 00:00:00,Web,Desktop,225.89,8.86,0,16.28,233.31,PayPal,Completed
O000496,C00124,2026-05-02 00:00:00,Web,Mobile,219.83,9.64,0,15.76,225.95,PayPal,Completed
O000768,C00186,2026-05-03 00:00:00,Web,Mobile,233.33,71.38,0,12.15,174.1,Apple Pay,Completed
O000359,C00087,2026-05-04 00:00:00,App,Tablet,296.26,41.51,0,19.11,273.86,Credit Card,Completed
O000791,C00190,2026-05-04 00:00:00,Web,Tablet,378.25,49.97,0,24.62,352.9,Credit Card,Completed
O000149,C00040,2026-05-05 00:00:00,Web,Tablet,1071.46,154.78,0,68.75,985.43,Credit Card,Completed
O000430,C00109,2026-05-05 00:00:00,App,Mobile,277.27,22.76,0,19.09,273.6,Apple Pay,Completed
O000545,C00137,2026-05-05 00:00:00,Web,Tablet,466.66,61.89,0,30.36,435.13,PayPal,Completed
O000151,C00040,2026-05-06 00:00:00,App,Desktop,617.42,79.44,0,40.35,578.33,Apple Pay,Completed
O000225,C00054,2026-05-06 00:00:00,App,Tablet,159.09,26.64,0,9.93,142.38,Credit Card,Completed
O000604,C00151,2026-05-06 00:00:00,App,Mobile,287.9,0.0,0,21.59,309.49,PayPal,Cancelled
O000028,C00011,2026-05-07 00:00:00,App,Tablet,250.82,17.2,0,17.52,251.14,Apple Pay,Completed
O000180,C00048,2026-05-08 00:00:00,App,Tablet,340.39,7.97,0,24.93,357.35,PayPal,Returned
O000657,C00161,2026-05-09 00:00:00,App,Desktop,279.21,1.72,0,20.81,298.3,Credit Card,Completed
O000696,C00169,2026-05-10 00:00:00,Web,Desktop,337.81,68.46,0,20.2,289.55,PayPal,Completed
O000751,C00183,2026-05-10 00:00:00,App,Mobile,309.44,23.49,0,21.45,307.4,Apple Pay,Completed
O000756,C00185,2026-05-10 00:00:00,App,Desktop,84.85,12.66,0,5.41,77.6,Credit Card,Completed
O000680,C00167,2026-05-11 00:00:00,Web,Desktop,46.15,4.45,0,3.13,44.83,Gift Card,Completed
O000199,C00051,2026-05-12 00:00:00,Web,Mobile,99.57,16.73,0,6.21,89.05,Credit Card,Completed
O000627,C00157,2026-05-12 00:00:00,App,Tablet,206.06,22.46,0,13.77,197.37,Credit Card,Completed
O000561,C00140,2026-05-14 00:00:00,App,Mobile,31.93,3.81,6.99,2.11,37.22,PayPal,Completed
O000597,C00150,2026-05-14 00:00:00,App,Mobile,262.79,70.67,0,14.41,206.53,Gift Card,Cancelled
O000283,C00069,2026-05-15 00:00:00,App,Desktop,1137.74,46.14,0,81.87,1173.47,Gift Card,Completed
O000005,C00002,2026-05-16 00:00:00,Web,Tablet,240.4,39.79,0,15.05,215.66,Gift Card,Completed
O000041,C00016,2026-05-16 00:00:00,App,Desktop,714.2,116.52,0,44.83,642.51,Credit Card,Completed
O000311,C00074,2026-05-16 00:00:00,App,Desktop,445.8,45.74,0,30.0,430.06,PayPal,Returned
O000647,C00159,2026-05-16 00:00:00,Web,Tablet,199.83,43.79,0,11.7,167.74,Credit Card,Completed
O000163,C00042,2026-05-17 00:00:00,App,Desktop,187.82,28.9,0,11.92,170.84,Gift Card,Completed
O000164,C00042,2026-05-17 00:00:00,App,Mobile,340.39,18.25,0,24.16,346.3,PayPal,Completed
O000390,C00096,2026-05-17 00:00:00,Web,Desktop,55.94,17.0,6.99,2.92,48.85,Credit Card,Completed
O000437,C00111,2026-05-17 00:00:00,Web,Desktop,287.9,41.11,0,18.51,265.3,Credit Card,Completed
O000681,C00167,2026-05-17 00:00:00,App,Desktop,233.33,21.66,0,15.88,227.55,Apple Pay,Completed
O000703,C00170,2026-05-17 00:00:00,Web,Tablet,718.92,94.76,0,46.81,670.97,Gift Card,Completed
O000655,C00160,2026-05-19 00:00:00,Web,Mobile,225.89,22.62,0,15.25,218.52,Gift Card,Completed
O000822,C00197,2026-05-19 00:00:00,Web,Mobile,359.46,47.77,0,23.38,335.07,Apple Pay,Completed
O000100,C00026,2026-05-20 00:00:00,Web,Desktop,821.84,112.61,0,53.19,762.42,Gift Card,Completed
O000502,C00125,2026-05-20 00:00:00,Web,Mobile,414.44,72.36,0,25.66,367.74,PayPal,Completed
O000757,C00185,2026-05-20 00:00:00,App,Mobile,169.7,0.0,0,12.73,182.43,Credit Card,Completed
O000787,C00190,2026-05-20 00:00:00,Web,Mobile,384.94,56.39,0,24.64,353.19,Credit Card,Completed
O000461,C00115,2026-05-21 00:00:00,Web,Tablet,10.46,0.84,6.99,0.72,17.33,Gift Card,Completed
O000534,C00133,2026-05-21 00:00:00,Web,Desktop,207.22,58.05,0,11.19,160.36,Apple Pay,Completed
O000769,C00186,2026-05-21 00:00:00,App,Tablet,126.22,23.44,0,7.71,110.49,Gift Card,Completed
O000249,C00059,2026-05-22 00:00:00,Web,Tablet,29.32,6.27,6.99,1.73,31.77,Apple Pay,Completed
O000480,C00121,2026-05-22 00:00:00,App,Mobile,77.86,25.26,0,3.94,56.54,PayPal,Completed
O000512,C00127,2026-05-23 00:00:00,Web,Desktop,77.86,3.02,0,5.61,80.45,Gift Card,Completed
O000700,C00169,2026-05-24 00:00:00,App,Tablet,597.63,54.27,0,40.75,584.11,PayPal,Completed
O000785,C00189,2026-05-24 00:00:00,App,Desktop,527.62,84.42,0,33.24,476.44,PayPal,Completed
O000477,C00120,2026-05-26 00:00:00,App,Desktop,340.39,27.46,0,23.47,336.4,Credit Card,Completed
O000082,C00024,2026-05-28 00:00:00,App,Tablet,459.52,69.87,0,29.22,418.87,PayPal,Completed
O000804,C00193,2026-05-28 00:00:00,App,Mobile,357.97,19.2,0,25.41,364.18,Gift Card,Completed
O000073,C00022,2026-05-29 00:00:00,App,Tablet,237.24,34.98,0,15.17,217.43,Credit Card,Completed
O000584,C00144,2026-05-30 00:00:00,Web,Tablet,225.89,32.85,0,14.48,207.52,Gift Card,Completed
O000611,C00152,2026-05-30 00:00:00,Web,Tablet,295.85,44.2,0,18.87,270.52,Credit Card,Completed
O000224,C00054,2026-05-31 00:00:00,Web,Tablet,292.18,25.09,0,20.03,287.12,Apple Pay,Completed
O000733,C00176,2026-06-01 00:00:00,Web,Mobile,225.89,28.67,0,14.79,212.01,PayPal,Completed
O000830,C00199,2026-06-01 00:00:00,App,Desktop,33.1,0.0,0,2.48,35.58,Credit Card,Completed
O000506,C00126,2026-06-02 00:00:00,App,Desktop,207.22,20.89,0,13.97,200.3,Apple Pay,Completed
O000740,C00181,2026-06-02 00:00:00,App,Mobile,28.73,3.0,6.99,1.93,34.65,Apple Pay,Completed
O000264,C00063,2026-06-03 00:00:00,Web,Mobile,1172.06,220.19,0,71.39,1023.26,Gift Card,Completed
O000455,C00114,2026-06-03 00:00:00,Web,Mobile,295.85,73.31,0,16.69,239.23,PayPal,Completed
O000460,C00115,2026-06-03 00:00:00,Web,Tablet,426.05,50.03,0,28.2,404.22,Credit Card,Completed
O000564,C00140,2026-06-03 00:00:00,Web,Tablet,480.8,67.45,0,31.0,444.35,Gift Card,Completed
O000615,C00154,2026-06-03 00:00:00,Web,Mobile,162.2,32.21,0,9.75,139.74,Gift Card,Completed
O000650,C00160,2026-06-03 00:00:00,App,Tablet,618.88,41.56,0,43.3,620.62,PayPal,Completed
O000008,C00002,2026-06-04 00:00:00,App,Desktop,60.94,7.45,0,4.01,57.5,Gift Card,Completed
O000125,C00030,2026-06-04 00:00:00,Web,Tablet,233.63,45.35,0,14.12,202.4,Gift Card,Completed
O000779,C00189,2026-06-04 00:00:00,Web,Mobile,239.64,31.16,0,15.64,224.12,Credit Card,Completed
O000250,C00059,2026-06-05 00:00:00,Web,Mobile,487.95,112.89,0,28.13,403.19,Apple Pay,Returned
O000722,C00173,2026-06-05 00:00:00,App,Tablet,263.81,44.75,0,16.43,235.49,PayPal,Completed
O000675,C00166,2026-06-06 00:00:00,Web,Mobile,699.99,169.04,0,39.82,570.77,PayPal,Completed
O000465,C00117,2026-06-07 00:00:00,Web,Mobile,144.28,30.88,0,8.51,121.91,Gift Card,Completed
O000649,C00160,2026-06-07 00:00:00,App,Mobile,170.76,24.54,0,10.97,157.19,Apple Pay,Completed
O000441,C00111,2026-06-08 00:00:00,App,Tablet,478.47,21.72,0,34.26,491.01,PayPal,Completed
O000770,C00186,2026-06-08 00:00:00,App,Mobile,192.47,18.15,0,13.07,187.39,Gift Card,Completed
O000200,C00051,2026-06-09 00:00:00,Web,Tablet,224.19,39.09,0,13.88,198.98,Apple Pay,Completed
O000453,C00114,2026-06-10 00:00:00,Web,Mobile,340.81,61.63,0,20.94,300.12,Credit Card,Completed
O000468,C00117,2026-06-11 00:00:00,App,Mobile,685.34,149.86,0,40.16,575.64,Apple Pay,Completed
O000679,C00167,2026-06-12 00:00:00,App,Desktop,340.81,43.17,0,22.32,319.96,Credit Card,Completed
O000333,C00081,2026-06-13 00:00:00,Web,Mobile,286.26,12.2,0,20.55,294.61,Credit Card,Completed
O000448,C00113,2026-06-13 00:00:00,App,Desktop,69.07,7.49,0,4.62,66.2,Credit Card,Completed
O000558,C00139,2026-06-13 00:00:00,Web,Desktop,209.95,13.8,0,14.71,210.86,Credit Card,Completed
O000238,C00055,2026-06-14 00:00:00,App,Mobile,525.58,80.68,0,33.37,478.27,Credit Card,Completed
O000782,C00189,2026-06-14 00:00:00,App,Mobile,466.37,81.71,0,28.85,413.51,Apple Pay,Completed
O000067,C00019,2026-06-15 00:00:00,Web,Desktop,77.63,20.01,0,4.32,61.94,Apple Pay,Completed
O000411,C00103,2026-06-15 00:00:00,Web,Tablet,205.45,0.0,0,15.41,220.86,Gift Card,Completed
O000562,C00140,2026-06-15 00:00:00,App,Tablet,126.22,15.3,0,8.32,119.24,Gift Card,Completed
O000737,C00178,2026-06-15 00:00:00,Web,Mobile,302.5,71.01,0,17.36,248.85,Credit Card,Completed
O000765,C00185,2026-06-15 00:00:00,Web,Mobile,287.9,48.93,0,17.92,256.89,Apple Pay,Completed
O000767,C00185,2026-06-15 00:00:00,App,Tablet,169.7,27.72,0,10.65,152.63,Apple Pay,Completed
O000492,C00123,2026-06-16 00:00:00,Web,Mobile,402.37,53.92,0,26.13,374.58,Gift Card,Completed
O000620,C00157,2026-06-16 00:00:00,App,Mobile,504.88,24.24,0,36.05,516.69,PayPal,Completed
O000175,C00048,2026-06-17 00:00:00,Web,Mobile,46.15,4.02,0,3.16,45.29,PayPal,Completed
O000190,C00049,2026-06-17 00:00:00,Web,Tablet,295.85,14.73,0,21.08,302.2,PayPal,Cancelled
O000054,C00017,2026-06-18 00:00:00,App,Mobile,27.45,4.5,0,1.72,24.67,Gift Card,Completed
O000349,C00084,2026-06-18 00:00:00,App,Tablet,399.66,71.14,0,24.64,353.16,Gift Card,Completed
O000547,C00137,2026-06-18 00:00:00,App,Tablet,103.03,16.95,0,6.46,92.54,PayPal,Returned
O000218,C00053,2026-06-19 00:00:00,Web,Tablet,258.23,49.77,0,15.63,224.09,Credit Card,Completed
O000166,C00044,2026-06-20 00:00:00,Web,Mobile,803.3,71.53,0,54.88,786.65,PayPal,Completed
O000369,C00090,2026-06-22 00:00:00,App,Mobile,521.34,29.01,0,36.92,529.25,PayPal,Completed
O000032,C00014,2026-06-23 00:00:00,Web,Tablet,323.46,35.29,0,21.61,309.78,Credit Card,Completed
O000514,C00128,2026-06-24 00:00:00,App,Desktop,323.73,37.27,0,21.48,307.94,Apple Pay,Completed
O000578,C00142,2026-06-24 00:00:00,App,Tablet,270.28,59.62,0,15.8,226.46,Gift Card,Completed
O000186,C00048,2026-06-25 00:00:00,Web,Mobile,494.97,25.17,0,35.23,505.03,PayPal,Completed
O000764,C00185,2026-06-25 00:00:00,Web,Desktop,262.79,46.15,0,16.25,232.89,Gift Card,Returned
O000242,C00057,2026-06-26 00:00:00,App,Tablet,130.77,24.39,0,7.98,114.36,Credit Card,Completed
O000401,C00099,2026-06-26 00:00:00,Web,Tablet,77.63,0.0,0,5.82,83.45,Gift Card,Completed
O000426,C00109,2026-06-27 00:00:00,App,Tablet,302.5,56.01,0,18.49,264.98,Gift Card,Completed
O000358,C00086,2026-06-28 00:00:00,Web,Mobile,185.66,16.12,0,12.72,182.26,PayPal,Completed
O000393,C00098,2026-06-28 00:00:00,App,Mobile,783.32,85.27,0,52.35,750.4,PayPal,Completed
O000442,C00111,2026-06-28 00:00:00,App,Tablet,159.55,25.22,0,10.07,144.4,Credit Card,Completed
O000521,C00130,2026-06-28 00:00:00,App,Tablet,419.22,32.95,0,28.97,415.24,Apple Pay,Completed
O000786,C00189,2026-06-28 00:00:00,App,Tablet,27.45,4.32,0,1.73,24.86,Gift Card,Completed
O000197,C00050,2026-06-29 00:00:00,Web,Mobile,14.66,3.27,6.99,0.85,19.23,Apple Pay,Completed
O000323,C00077,2026-06-29 00:00:00,App,Desktop,143.31,15.08,0,9.62,137.85,PayPal,Completed
O000004,C00002,2026-06-30 00:00:00,App,Tablet,261.54,61.62,0,14.99,214.91,Apple Pay,Completed
O000408,C00102,2026-06-30 00:00:00,App,Mobile,146.09,20.61,0,9.41,134.89,Gift Card,Cancelled
