order_item_id,order_id,product_id,quantity,unit_price,discount_amount,line_total
OI0000001,O000001,P0004,1,209.53,45.05,164.48
OI0000002,O000001,P0042,1,60.94,18.31,42.63
OI0000003,O000002,P0051,1,217.19,44.98,172.21
OI0000004,O000003,P0025,1,14.66,3.53,11.13
OI0000005,O000003,P0027,1,233.63,70.88,162.75
OI0000006,O000004,P0006,2,130.77,61.62,199.92
OI0000007,O000005,P0066,1,240.4,39.79,200.61
OI0000008,O000006,P0023,1,295.85,67.83,228.02
OI0000009,O000007,P0040,1,81.1,14.34,66.76
OI0000010,O000008,P0042,1,60.94,7.45,53.49
OI0000011,O000009,P0015,1,143.31,25.4,117.91
OI0000012,O000009,P0026,1,37.29,2.98,34.31
OI0000013,O000009,P0020,1,240.66,51.61,189.05
OI0000014,O000010,P0016,1,262.79,55.73,207.06
OI0000015,O000010,P0065,1,144.28,21.69,122.59
OI0000016,O000011,P0051,2,217.19,64.59,369.79
OI0000017,O000012,P0017,2,131.8,14.21,249.39
OI0000018,O000012,P0062,1,282.36,9.85,272.51
OI0000019,O000013,P0054,1,77.63,17.16,60.47
OI0000020,O000014,P0077,1,233.33,17.17,216.16
OI0000021,O000014,P0027,1,233.63,60.22,173.41
OI0000022,O000015,P0021,1,46.15,10.2,35.95
OI0000023,O000015,P0013,1,296.26,42.13,254.13
OI0000024,O000015,P0008,1,205.45,39.13,166.32
OI0000025,O000016,P0071,1,31.93,3.92,28.01
OI0000026,O000016,P0070,1,185.81,17.52,168.29
OI0000027,O000017,P0044,1,27.45,3.15,24.3
OI0000028,O000017,P0024,1,192.47,40.44,152.03
OI0000029,O000018,P0038,1,159.55,9.07,150.48
OI0000030,O000019,P0077,1,233.33,30.28,203.05
OI0000031,O000020,P0053,1,261.91,57.77,204.14
OI0000032,O000020,P0057,1,199.83,40.88,158.95
OI0000033,O000021,P0014,1,99.57,23.55,76.02
OI0000034,O000021,P0014,1,99.57,23.56,76.01
OI0000035,O000021,P0035,1,148.6,30.71,117.89
OI0000036,O000022,P0057,1,199.83,24.44,175.39
OI0000037,O000022,P0033,1,192.42,39.53,152.89
OI0000038,O000023,P0066,3,240.4,118.29,602.91
OI0000039,O000023,P0066,2,240.4,107.44,373.36
OI0000040,O000024,P0075,1,111.93,31.64,80.29
OI0000041,O000025,P0003,1,199.95,54.69,145.26
OI0000042,O000025,P0070,1,185.81,41.64,144.17
OI0000043,O000026,P0059,1,315.43,54.64,260.79
OI0000044,O000027,P0008,1,205.45,30.59,174.86
OI0000045,O000027,P0005,1,103.03,29.38,73.65
OI0000046,O000028,P0079,1,58.4,6.24,52.16
OI0000047,O000028,P0033,1,192.42,10.96,181.46
OI0000048,O000029,P0054,1,77.63,6.26,71.37
OI0000049,O000029,P0050,1,308.71,33.76,274.95
OI0000050,O000030,P0058,2,207.22,23.89,390.55
OI0000051,O000031,P0063,1,138.83,19.03,119.8
OI0000052,O000032,P0076,1,159.09,7.71,151.38
OI0000053,O000032,P0048,1,164.37,27.58,136.79
OI0000054,O000033,P0063,1,138.83,16.66,122.17
OI0000055,O000034,P0040,1,81.1,5.81,75.29
OI0000056,O000035,P0057,2,199.83,11.86,387.8
OI0000057,O000036,P0028,1,337.81,38.23,299.58
OI0000058,O000036,P0033,1,192.42,36.52,155.9
OI0000059,O000037,P0039,1,339.4,44.71,294.69
OI0000060,O000038,P0004,1,209.53,18.04,191.49
OI0000061,O000038,P0037,1,55.94,2.92,53.02
OI0000062,O000038,P0012,1,100.32,6.88,93.44
OI0000063,O000039,P0049,1,33.06,1.8,31.26
OI0000064,O000040,P0002,1,209.95,39.63,170.32
OI0000065,O000040,P0016,1,262.79,54.0,208.79
OI0000066,O000041,P0074,1,239.64,36.5,203.14
OI0000067,O000041,P0029,1,348.34,57.71,290.63
OI0000068,O000041,P0068,1,126.22,22.31,103.91
OI0000069,O000042,P0027,1,233.63,25.78,207.85
OI0000070,O000042,P0077,1,233.33,23.52,209.81
OI0000071,O000043,P0053,1,261.91,25.82,236.09
OI0000072,O000044,P0034,1,284.16,58.51,225.65
OI0000073,O000044,P0015,1,143.31,38.84,104.47
OI0000074,O000045,P0059,1,315.43,57.53,257.9
OI0000075,O000046,P0068,1,126.22,19.78,106.44
OI0000076,O000047,P0077,1,233.33,40.43,192.9
OI0000077,O000047,P0050,1,308.71,51.15,257.56
OI0000078,O000048,P0072,1,254.16,33.14,221.02
OI0000079,O000049,P0044,1,27.45,3.23,24.22
OI0000080,O000049,P0065,1,144.28,25.57,118.71
OI0000081,O000050,P0077,1,233.33,35.46,197.87
OI0000082,O000051,P0054,1,77.63,2.36,75.27
OI0000083,O000052,P0077,1,233.33,24.91,208.42
OI0000084,O000053,P0036,1,28.73,4.21,24.52
OI0000085,O000054,P0044,1,27.45,4.5,22.95
OI0000086,O000055,P0027,1,233.63,54.75,178.88
OI0000087,O000056,P0057,2,199.83,61.92,337.74
OI0000088,O000057,P0056,1,225.89,5.13,220.76
OI0000089,O000057,P0061,1,309.44,68.7,240.74
OI0000090,O000058,P0065,1,144.28,8.19,136.09
OI0000091,O000059,P0009,1,344.95,69.26,275.69
OI0000092,O000060,P0070,1,185.81,14.52,171.29
OI0000093,O000060,P0061,2,309.44,104.19,514.69
OI0000094,O000061,P0053,1,261.91,28.49,233.42
OI0000095,O000062,P0077,1,233.33,9.61,223.72
OI0000096,O000063,P0055,2,39.57,14.05,65.09
OI0000097,O000063,P0003,1,199.95,3.86,196.09
OI0000098,O000064,P0065,1,144.28,27.91,116.37
OI0000099,O000064,P0065,1,144.28,24.22,120.06
OI0000100,O000065,P0037,1,55.94,8.72,47.22
OI0000101,O000066,P0005,1,103.03,11.28,91.75
OI0000102,O000067,P0054,1,77.63,20.01,57.62
OI0000103,O000068,P0025,1,14.66,3.12,11.54
OI0000104,O000069,P0001,1,16.55,1.33,15.22
OI0000105,O000069,P0027,1,233.63,48.65,184.98
OI0000106,O000070,P0048,1,164.37,37.09,127.28
OI0000107,O000071,P0062,2,282.36,132.45,432.27
OI0000108,O000072,P0060,1,341.05,49.06,291.99
OI0000109,O000072,P0039,1,339.4,94.85,244.55
OI0000110,O000073,P0001,1,16.55,1.23,15.32
OI0000111,O000073,P0019,1,139.59,15.52,124.07
OI0000112,O000073,P0040,1,81.1,18.23,62.87
OI0000113,O000074,P0010,1,63.63,17.29,46.34
OI0000114,O000074,P0005,1,103.03,27.16,75.87
OI0000115,O000074,P0013,2,296.26,103.3,489.22
OI0000116,O000075,P0013,1,296.26,86.34,209.92
OI0000117,O000076,P0058,1,207.22,36.01,171.21
OI0000118,O000077,P0021,1,46.15,8.38,37.77
OI0000119,O000077,P0010,1,63.63,11.23,52.4
OI0000120,O000078,P0021,1,46.15,6.23,39.92
OI0000121,O000079,P0013,1,296.26,55.7,240.56
OI0000122,O000079,P0054,1,77.63,14.68,62.95
OI0000123,O000080,P0069,1,139.74,37.04,102.7
OI0000124,O000081,P0019,2,139.59,35.52,243.66
OI0000125,O000082,P0056,1,225.89,27.02,198.87
OI0000126,O000082,P0027,1,233.63,42.85,190.78
OI0000127,O000083,P0049,1,33.06,4.12,28.94
OI0000128,O000084,P0056,1,225.89,47.66,178.23
OI0000129,O000085,P0074,1,239.64,56.47,183.17
OI0000130,O000085,P0024,1,192.47,43.88,148.59
OI0000131,O000086,P0012,1,100.32,22.68,77.64
OI0000132,O000087,P0077,2,233.33,28.18,438.48
OI0000133,O000088,P0020,2,240.66,59.89,421.43
OI0000134,O000088,P0059,2,315.43,150.32,480.54
OI0000135,O000089,P0065,1,144.28,23.35,120.93
OI0000136,O000090,P0047,1,77.86,21.7,56.16
OI0000137,O000091,P0017,1,131.8,19.43,112.37
OI0000138,O000091,P0071,1,31.93,4.4,27.53
OI0000139,O000092,P0017,1,131.8,33.84,97.96
OI0000140,O000093,P0035,1,148.6,28.19,120.41
OI0000141,O000094,P0012,1,100.32,12.64,87.68
OI0000142,O000095,P0074,1,239.64,29.13,210.51
OI0000143,O000096,P0039,1,339.4,56.59,282.81
OI0000144,O000097,P0059,1,315.43,56.17,259.26
OI0000145,O000098,P0070,1,185.81,28.85,156.96
OI0000146,O000098,P0032,1,302.0,41.64,260.36
OI0000147,O000099,P0057,1,199.83,45.07,154.76
OI0000148,O000099,P0007,1,340.81,86.83,253.98
OI0000149,O000100,P0069,1,139.74,22.66,117.08
OI0000150,O000100,P0060,2,341.05,89.95,592.15
OI0000151,O000101,P0043,2,263.81,33.94,493.68
OI0000152,O000102,P0066,1,240.4,58.22,182.18
OI0000153,O000103,P0014,1,99.57,20.85,78.72
OI0000154,O000104,P0062,1,282.36,57.2,225.16
OI0000155,O000105,P0071,2,31.93,2.74,61.12
OI0000156,O000105,P0024,1,192.47,23.7,168.77
OI0000157,O000106,P0036,1,28.73,1.75,26.98
OI0000158,O000107,P0047,1,77.86,8.87,68.99
OI0000159,O000108,P0024,1,192.47,28.2,164.27
OI0000160,O000109,P0039,1,339.4,18.62,320.78
OI0000161,O000109,P0055,1,39.57,5.38,34.19
OI0000162,O000109,P0018,1,302.5,70.34,232.16
OI0000163,O000110,P0012,1,100.32,8.7,91.62
OI0000164,O000110,P0044,1,27.45,0.0,27.45
OI0000165,O000111,P0046,1,219.83,24.02,195.81
OI0000166,O000111,P0057,1,199.83,21.71,178.12
OI0000167,O000112,P0058,2,207.22,108.72,305.72
OI0000168,O000113,P0069,1,139.74,12.12,127.62
OI0000169,O000113,P0025,1,14.66,2.07,12.59
OI0000170,O000113,P0004,1,209.53,42.02,167.51
OI0000171,O000114,P0078,1,287.9,57.12,230.78
OI0000172,O000114,P0006,1,130.77,14.2,116.57
OI0000173,O000115,P0028,1,337.81,86.35,251.46
OI0000174,O000116,P0056,1,225.89,40.36,185.53
OI0000175,O000116,P0079,1,58.4,11.14,47.26
OI0000176,O000117,P0061,1,309.44,48.59,260.85
OI0000177,O000118,P0045,1,146.09,0.55,145.54
OI0000178,O000119,P0080,1,163.75,24.71,139.04
OI0000179,O000119,P0070,1,185.81,12.77,173.04
OI0000180,O000119,P0016,1,262.79,44.56,218.23
OI0000181,O000120,P0032,1,302.0,28.98,273.02
OI0000182,O000121,P0016,1,262.79,64.24,198.55
OI0000183,O000121,P0033,1,192.42,25.49,166.93
OI0000184,O000122,P0030,1,84.85,15.81,69.04
OI0000185,O000123,P0065,1,144.28,17.43,126.85
OI0000186,O000124,P0033,1,192.42,36.12,156.3
OI0000187,O000125,P0027,1,233.63,45.35,188.28
OI0000188,O000126,P0032,1,302.0,14.83,287.17
OI0000189,O000127,P0018,1,302.5,45.46,257.04
OI0000190,O000128,P0024,1,192.47,15.83,176.64
OI0000191,O000129,P0060,1,341.05,23.35,317.7
OI0000192,O000130,P0039,1,339.4,13.54,325.86
OI0000193,O000131,P0047,2,77.86,7.57,148.15
OI0000194,O000132,P0018,1,302.5,31.59,270.91
OI0000195,O000133,P0042,1,60.94,3.66,57.28
OI0000196,O000133,P0016,1,262.79,42.06,220.73
OI0000197,O000134,P0022,1,340.39,30.34,310.05
OI0000198,O000135,P0055,1,39.57,7.55,32.02
OI0000199,O000136,P0004,1,209.53,60.9,148.63
OI0000200,O000137,P0071,1,31.93,2.29,29.64
OI0000201,O000138,P0039,1,339.4,33.09,306.31
OI0000202,O000139,P0027,1,233.63,27.47,206.16
OI0000203,O000139,P0027,1,233.63,15.32,218.31
OI0000204,O000140,P0043,2,263.81,99.17,428.45
OI0000205,O000141,P0013,2,296.26,141.55,450.97
OI0000206,O000142,P0057,1,199.83,56.45,143.38
OI0000207,O000142,P0056,2,225.89,89.91,361.87
OI0000208,O000143,P0054,1,77.63,16.2,61.43
OI0000209,O000144,P0062,1,282.36,37.28,245.08
OI0000210,O000145,P0057,2,199.83,54.78,344.88
OI0000211,O000146,P0073,1,246.45,47.64,198.81
OI0000212,O000146,P0073,1,246.45,44.18,202.27
OI0000213,O000147,P0023,1,295.85,54.06,241.79
OI0000214,O000148,P0009,1,344.95,39.7,305.25
OI0000215,O000148,P0067,1,69.07,9.21,59.86
OI0000216,O000149,P0051,1,217.19,25.09,192.1
OI0000217,O000149,P0048,1,164.37,10.99,153.38
OI0000218,O000149,P0009,2,344.95,118.7,571.2
OI0000219,O000150,P0044,1,27.45,5.66,21.79
OI0000220,O000151,P0050,2,308.71,79.44,537.98
OI0000221,O000152,P0048,1,164.37,17.05,147.32
OI0000222,O000153,P0015,1,143.31,20.43,122.88
OI0000223,O000154,P0054,1,77.63,3.89,73.74
OI0000224,O000155,P0068,1,126.22,11.45,114.77
OI0000225,O000156,P0006,1,130.77,11.68,119.09
OI0000226,O000157,P0016,1,262.79,21.19,241.6
OI0000227,O000158,P0062,1,282.36,9.45,272.91
OI0000228,O000159,P0032,2,302.0,73.85,530.15
OI0000229,O000159,P0020,1,240.66,6.51,234.15
OI0000230,O000159,P0024,1,192.47,27.79,164.68
OI0000231,O000160,P0071,1,31.93,2.38,29.55
OI0000232,O000161,P0029,1,348.34,36.59,311.75
OI0000233,O000162,P0004,3,209.53,28.73,599.86
OI0000234,O000162,P0015,1,143.31,0.0,143.31
OI0000235,O000162,P0042,1,60.94,4.21,56.73
OI0000236,O000163,P0036,1,28.73,3.7,25.03
OI0000237,O000163,P0076,1,159.09,25.2,133.89
OI0000238,O000164,P0022,1,340.39,18.25,322.14
OI0000239,O000165,P0049,1,33.06,3.75,29.31
OI0000240,O000165,P0015,1,143.31,26.13,117.18
OI0000241,O000166,P0024,3,192.47,58.35,519.06
OI0000242,O000166,P0056,1,225.89,13.18,212.71
OI0000243,O000167,P0042,1,60.94,5.37,55.57
OI0000244,O000168,P0025,1,14.66,1.07,13.59
OI0000245,O000169,P0040,1,81.1,13.92,67.18
OI0000246,O000170,P0034,1,284.16,22.55,261.61
OI0000247,O000171,P0042,1,60.94,3.83,57.11
OI0000248,O000172,P0055,1,39.57,2.75,36.82
OI0000249,O000173,P0010,2,63.63,5.8,121.46
OI0000250,O000173,P0039,1,339.4,24.12,315.28
OI0000251,O000174,P0061,1,309.44,16.6,292.84
OI0000252,O000175,P0021,1,46.15,4.02,42.13
OI0000253,O000176,P0042,2,60.94,7.84,114.04
OI0000254,O000177,P0022,1,340.39,15.84,324.55
OI0000255,O000177,P0035,1,148.6,5.84,142.76
OI0000256,O000178,P0013,1,296.26,9.1,287.16
OI0000257,O000178,P0054,2,77.63,12.67,142.59
OI0000258,O000179,P0003,1,199.95,22.62,177.33
OI0000259,O000179,P0041,1,98.7,15.2,83.5
OI0000260,O000179,P0043,1,263.81,0.0,263.81
OI0000261,O000180,P0022,1,340.39,7.97,332.42
OI0000262,O000181,P0057,1,199.83,34.35,165.48
OI0000263,O000182,P0010,2,63.63,15.27,111.99
OI0000264,O000183,P0031,1,10.46,0.48,9.98
OI0000265,O000183,P0075,2,111.93,0.0,223.86
OI0000266,O000184,P0033,1,192.42,29.0,163.42
OI0000267,O000184,P0031,1,10.46,0.94,9.52
OI0000268,O000184,P0010,2,63.63,5.09,122.17
OI0000269,O000185,P0055,2,39.57,9.12,70.02
OI0000270,O000186,P0024,1,192.47,0.0,192.47
OI0000271,O000186,P0018,1,302.5,25.17,277.33
OI0000272,O000187,P0057,2,199.83,46.42,353.24
OI0000273,O000187,P0017,1,131.8,15.46,116.34
OI0000274,O000188,P0045,1,146.09,0.0,146.09
OI0000275,O000189,P0008,1,205.45,0.0,205.45
OI0000276,O000189,P0054,1,77.63,13.57,64.06
OI0000277,O000190,P0023,1,295.85,14.73,281.12
OI0000278,O000191,P0030,1,84.85,11.14,73.71
OI0000279,O000192,P0040,2,81.1,18.47,143.73
OI0000280,O000193,P0034,1,284.16,48.84,235.32
OI0000281,O000194,P0023,2,295.85,43.42,548.28
OI0000282,O000194,P0067,2,69.07,16.31,121.83
OI0000283,O000194,P0017,1,131.8,17.29,114.51
OI0000284,O000195,P0040,2,81.1,13.8,148.4
OI0000285,O000195,P0037,1,55.94,8.41,47.53
OI0000286,O000195,P0025,1,14.66,1.47,13.19
OI0000287,O000196,P0025,1,14.66,0.0,14.66
OI0000288,O000197,P0025,1,14.66,3.27,11.39
OI0000289,O000198,P0024,1,192.47,30.78,161.69
OI0000290,O000198,P0056,2,225.89,44.86,406.92
OI0000291,O000199,P0014,1,99.57,16.73,82.84
OI0000292,O000200,P0004,1,209.53,37.33,172.2
OI0000293,O000200,P0025,1,14.66,1.76,12.9
OI0000294,O000201,P0028,2,337.81,77.57,598.05
OI0000295,O000202,P0056,1,225.89,17.66,208.23
OI0000296,O000203,P0061,1,309.44,52.24,257.2
OI0000297,O000203,P0056,1,225.89,19.85,206.04
OI0000298,O000204,P0077,1,233.33,21.98,211.35
OI0000299,O000204,P0056,1,225.89,34.41,191.48
OI0000300,O000204,P0039,2,339.4,59.82,618.98
OI0000301,O000205,P0056,1,225.89,21.35,204.54
OI0000302,O000206,P0027,2,233.63,54.7,412.56
OI0000303,O000206,P0056,2,225.89,50.9,400.88
OI0000304,O000207,P0028,1,337.81,71.77,266.04
OI0000305,O000207,P0078,1,287.9,30.68,257.22
OI0000306,O000207,P0056,1,225.89,17.95,207.94
OI0000307,O000208,P0079,1,58.4,10.02,48.38
OI0000308,O000209,P0008,2,205.45,59.25,351.65
OI0000309,O000209,P0013,2,296.26,122.15,470.37
OI0000310,O000210,P0008,1,205.45,11.74,193.71
OI0000311,O000211,P0066,2,240.4,69.96,410.84
OI0000312,O000212,P0067,1,69.07,9.19,59.88
OI0000313,O000213,P0054,1,77.63,9.83,67.8
OI0000314,O000214,P0021,2,46.15,7.28,85.02
OI0000315,O000215,P0021,1,46.15,8.82,37.33
OI0000316,O000215,P0054,1,77.63,6.63,71.0
OI0000317,O000216,P0004,3,209.53,79.31,549.28
OI0000318,O000217,P0018,1,302.5,46.35,256.15
OI0000319,O000217,P0043,1,263.81,39.99,223.82
OI0000320,O000218,P0057,1,199.83,44.0,155.83
OI0000321,O000218,P0079,1,58.4,5.77,52.63
OI0000322,O000219,P0031,1,10.46,1.33,9.13
OI0000323,O000219,P0020,1,240.66,12.49,228.17
OI0000324,O000219,P0030,1,84.85,14.38,70.47
OI0000325,O000220,P0013,1,296.26,81.07,215.19
OI0000326,O000221,P0067,1,69.07,7.78,61.29
OI0000327,O000221,P0012,1,100.32,13.39,86.93
OI0000328,O000221,P0014,1,99.57,5.46,94.11
OI0000329,O000222,P0077,3,233.33,125.57,574.42
OI0000330,O000222,P0054,1,77.63,1.97,75.66
OI0000331,O000222,P0061,2,309.44,82.28,536.6
OI0000332,O000223,P0060,1,341.05,31.02,310.03
OI0000333,O000224,P0045,1,146.09,18.53,127.56
OI0000334,O000224,P0045,1,146.09,6.56,139.53
OI0000335,O000225,P0076,1,159.09,26.64,132.45
OI0000336,O000226,P0077,2,233.33,45.64,421.02
OI0000337,O000227,P0079,1,58.4,6.58,51.82
OI0000338,O000228,P0013,1,296.26,37.82,258.44
OI0000339,O000229,P0061,1,309.44,13.94,295.5
OI0000340,O000230,P0025,1,14.66,1.53,13.13
OI0000341,O000230,P0064,1,127.58,13.84,113.74
OI0000342,O000231,P0058,1,207.22,5.67,201.55
OI0000343,O000231,P0021,1,46.15,5.19,40.96
OI0000344,O000231,P0010,1,63.63,8.78,54.85
OI0000345,O000232,P0044,1,27.45,4.71,22.74
OI0000346,O000232,P0044,1,27.45,2.17,25.28
OI0000347,O000232,P0056,1,225.89,5.47,220.42
OI0000348,O000233,P0040,1,81.1,7.34,73.76
OI0000349,O000233,P0042,1,60.94,11.36,49.58
OI0000350,O000234,P0077,1,233.33,25.71,207.62
OI0000351,O000235,P0024,2,192.47,16.61,368.33
OI0000352,O000235,P0024,1,192.47,24.75,167.72
OI0000353,O000236,P0040,1,81.1,20.83,60.27
OI0000354,O000237,P0005,1,103.03,15.37,87.66
OI0000355,O000238,P0016,1,262.79,51.18,211.61
OI0000356,O000238,P0016,1,262.79,29.5,233.29
OI0000357,O000239,P0005,1,103.03,12.0,91.03
OI0000358,O000239,P0005,1,103.03,22.4,80.63
OI0000359,O000240,P0039,1,339.4,13.14,326.26
OI0000360,O000241,P0012,1,100.32,18.75,81.57
OI0000361,O000241,P0073,1,246.45,31.4,215.05
OI0000362,O000241,P0074,1,239.64,28.38,211.26
OI0000363,O000242,P0006,1,130.77,24.39,106.38
OI0000364,O000243,P0044,1,27.45,0.0,27.45
OI0000365,O000244,P0005,2,103.03,43.5,162.56
OI0000366,O000245,P0056,1,225.89,50.0,175.89
OI0000367,O000245,P0024,2,192.47,44.94,340.0
OI0000368,O000246,P0077,3,233.33,169.45,530.54
OI0000369,O000246,P0024,1,192.47,46.57,145.9
OI0000370,O000247,P0067,2,69.07,37.19,100.95
OI0000371,O000247,P0047,1,77.86,16.91,60.95
OI0000372,O000248,P0078,1,287.9,66.22,221.68
OI0000373,O000249,P0025,2,14.66,6.27,23.05
OI0000374,O000250,P0077,1,233.33,60.76,172.57
OI0000375,O000250,P0036,1,28.73,5.09,23.64
OI0000376,O000250,P0056,1,225.89,47.04,178.85
OI0000377,O000251,P0024,2,192.47,29.61,355.33
OI0000378,O000252,P0075,1,111.93,11.47,100.46
OI0000379,O000253,P0007,1,340.81,27.82,312.99
OI0000380,O000254,P0003,1,199.95,38.25,161.7
OI0000381,O000255,P0039,2,339.4,41.7,637.1
OI0000382,O000255,P0070,1,185.81,23.93,161.88
OI0000383,O000256,P0004,1,209.53,14.6,194.93
OI0000384,O000257,P0056,1,225.89,27.74,198.15
OI0000385,O000257,P0027,1,233.63,22.05,211.58
OI0000386,O000258,P0023,1,295.85,20.09,275.76
OI0000387,O000259,P0034,1,284.16,42.26,241.9
OI0000388,O000259,P0034,2,284.16,0.0,568.32
OI0000389,O000260,P0040,1,81.1,4.63,76.47
OI0000390,O000261,P0033,1,192.42,20.33,172.09
OI0000391,O000262,P0003,1,199.95,25.72,174.23
OI0000392,O000263,P0051,2,217.19,74.89,359.49
OI0000393,O000263,P0048,2,164.37,69.37,259.37
OI0000394,O000264,P0008,1,205.45,29.96,175.49
OI0000395,O000264,P0058,3,207.22,122.99,498.67
OI0000396,O000264,P0009,1,344.95,67.24,277.71
OI0000397,O000265,P0076,1,159.09,11.05,148.04
OI0000398,O000265,P0016,1,262.79,39.26,223.53
OI0000399,O000265,P0030,2,84.85,50.12,119.58
OI0000400,O000266,P0066,1,240.4,35.61,204.79
OI0000401,O000267,P0061,1,309.44,27.42,282.02
OI0000402,O000268,P0074,1,239.64,29.91,209.73
OI0000403,O000269,P0061,1,309.44,19.84,289.6
OI0000404,O000270,P0043,2,263.81,42.87,484.75
OI0000405,O000271,P0075,1,111.93,18.9,93.03
OI0000406,O000272,P0051,1,217.19,10.95,206.24
OI0000407,O000273,P0059,1,315.43,42.77,272.66
OI0000408,O000273,P0055,1,39.57,0.0,39.57
OI0000409,O000274,P0004,1,209.53,26.47,183.06
OI0000410,O000275,P0076,1,159.09,13.84,145.25
OI0000411,O000275,P0004,2,209.53,91.56,327.5
OI0000412,O000276,P0007,1,340.81,87.27,253.54
OI0000413,O000277,P0056,1,225.89,39.71,186.18
OI0000414,O000278,P0025,1,14.66,3.81,10.85
OI0000415,O000279,P0034,1,284.16,43.12,241.04
OI0000416,O000280,P0025,1,14.66,2.87,11.79
OI0000417,O000281,P0015,1,143.31,26.19,117.12
OI0000418,O000282,P0024,1,192.47,17.16,175.31
OI0000419,O000283,P0068,2,126.22,35.17,217.27
OI0000420,O000283,P0053,3,261.91,0.0,785.73
OI0000421,O000283,P0014,1,99.57,10.97,88.6
OI0000422,O000284,P0068,1,126.22,15.24,110.98
OI0000423,O000285,P0068,1,126.22,23.64,102.58
OI0000424,O000285,P0014,1,99.57,18.05,81.52
OI0000425,O000285,P0073,1,246.45,79.09,167.36
OI0000426,O000286,P0014,1,99.57,22.11,77.46
OI0000427,O000287,P0065,1,144.28,25.62,118.66
OI0000428,O000288,P0028,1,337.81,59.48,278.33
OI0000429,O000289,P0022,1,340.39,68.21,272.18
OI0000430,O000290,P0060,1,341.05,46.03,295.02
OI0000431,O000291,P0018,1,302.5,58.47,244.03
OI0000432,O000292,P0014,1,99.57,20.81,78.76
OI0000433,O000292,P0029,2,348.34,30.05,666.63
OI0000434,O000293,P0041,2,98.7,32.17,165.23
OI0000435,O000293,P0074,1,239.64,37.09,202.55
OI0000436,O000294,P0040,1,81.1,10.85,70.25
OI0000437,O000294,P0017,1,131.8,25.53,106.27
OI0000438,O000295,P0057,1,199.83,30.22,169.61
OI0000439,O000295,P0071,1,31.93,6.92,25.01
OI0000440,O000296,P0005,2,103.03,31.14,174.92
OI0000441,O000297,P0009,2,344.95,219.65,470.25
OI0000442,O000298,P0065,1,144.28,29.11,115.17
OI0000443,O000299,P0047,1,77.86,11.41,66.45
OI0000444,O000300,P0020,1,240.66,28.34,212.32
OI0000445,O000300,P0003,1,199.95,23.86,176.09
OI0000446,O000301,P0046,1,219.83,33.59,186.24
OI0000447,O000302,P0059,1,315.43,31.16,284.27
OI0000448,O000302,P0046,2,219.83,81.43,358.23
OI0000449,O000302,P0055,1,39.57,6.52,33.05
OI0000450,O000303,P0043,1,263.81,36.93,226.88
OI0000451,O000304,P0055,1,39.57,6.91,32.66
OI0000452,O000305,P0020,1,240.66,35.17,205.49
OI0000453,O000306,P0044,1,27.45,1.35,26.1
OI0000454,O000306,P0056,1,225.89,28.17,197.72
OI0000455,O000307,P0017,1,131.8,4.62,127.18
OI0000456,O000307,P0014,1,99.57,8.03,91.54
OI0000457,O000308,P0059,2,315.43,104.44,526.42
OI0000458,O000309,P0053,1,261.91,41.76,220.15
OI0000459,O000310,P0013,1,296.26,36.84,259.42
OI0000460,O000311,P0035,2,148.6,34.33,262.87
OI0000461,O000311,P0035,1,148.6,11.41,137.19
OI0000462,O000312,P0010,1,63.63,12.82,50.81
OI0000463,O000313,P0054,1,77.63,9.66,67.97
OI0000464,O000314,P0005,2,103.03,28.35,177.71
OI0000465,O000315,P0061,3,309.44,51.65,876.67
OI0000466,O000315,P0013,1,296.26,39.95,256.31
OI0000467,O000315,P0076,2,159.09,58.43,259.75
OI0000468,O000316,P0015,1,143.31,14.65,128.66
OI0000469,O000317,P0036,1,28.73,3.86,24.87
OI0000470,O000317,P0064,2,127.58,26.31,228.85
OI0000471,O000317,P0063,1,138.83,9.39,129.44
OI0000472,O000318,P0056,1,225.89,34.0,191.89
OI0000473,O000318,P0014,1,99.57,17.42,82.15
OI0000474,O000319,P0047,2,77.86,19.33,136.39
OI0000475,O000320,P0052,1,326.66,38.6,288.06
OI0000476,O000320,P0038,1,159.55,7.17,152.38
OI0000477,O000321,P0005,1,103.03,2.13,100.9
OI0000478,O000321,P0067,1,69.07,17.76,51.31
OI0000479,O000322,P0047,2,77.86,19.63,136.09
OI0000480,O000322,P0023,2,295.85,41.21,550.49
OI0000481,O000323,P0015,1,143.31,15.08,128.23
OI0000482,O000324,P0055,1,39.57,5.54,34.03
OI0000483,O000324,P0055,1,39.57,5.52,34.05
OI0000484,O000325,P0023,1,295.85,53.39,242.46
OI0000485,O000325,P0022,2,340.39,191.7,489.08
OI0000486,O000326,P0052,1,326.66,78.42,248.24
OI0000487,O000327,P0077,3,233.33,94.9,605.09
OI0000488,O000327,P0077,1,233.33,29.2,204.13
OI0000489,O000328,P0029,1,348.34,27.12,321.22
OI0000490,O000328,P0022,1,340.39,38.59,301.8
OI0000491,O000329,P0022,1,340.39,66.81,273.58
OI0000492,O000330,P0069,1,139.74,9.96,129.78
OI0000493,O000331,P0016,1,262.79,25.72,237.07
OI0000494,O000332,P0061,1,309.44,62.51,246.93
OI0000495,O000333,P0067,1,69.07,7.07,62.0
OI0000496,O000333,P0051,1,217.19,5.13,212.06
OI0000497,O000334,P0030,1,84.85,12.74,72.11
OI0000498,O000334,P0045,1,146.09,38.32,107.77
OI0000499,O000334,P0030,1,84.85,17.53,67.32
OI0000500,O000335,P0047,1,77.86,14.77,63.09
OI0000501,O000335,P0023,1,295.85,80.97,214.88
OI0000502,O000335,P0009,2,344.95,221.4,468.5
OI0000503,O000336,P0035,2,148.6,51.33,245.87
OI0000504,O000337,P0023,1,295.85,39.52,256.33
OI0000505,O000338,P0009,1,344.95,76.95,268.0
OI0000506,O000339,P0065,1,144.28,21.23,123.05
OI0000507,O000339,P0065,1,144.28,34.84,109.44
OI0000508,O000340,P0056,1,225.89,28.19,197.7
OI0000509,O000341,P0036,2,28.73,0.7,56.76
OI0000510,O000341,P0002,1,209.95,19.89,190.06
OI0000511,O000342,P0001,1,16.55,4.31,12.24
OI0000512,O000343,P0030,1,84.85,15.76,69.09
OI0000513,O000344,P0016,1,262.79,26.6,236.19
OI0000514,O000344,P0065,1,144.28,22.07,122.21
OI0000515,O000345,P0043,1,263.81,50.52,213.29
OI0000516,O000346,P0017,1,131.8,24.08,107.72
OI0000517,O000347,P0041,2,98.7,20.07,177.33
OI0000518,O000348,P0026,1,37.29,5.12,32.17
OI0000519,O000349,P0057,2,199.83,71.14,328.52
OI0000520,O000350,P0052,1,326.66,91.21,235.45
OI0000521,O000350,P0014,2,99.57,24.58,174.56
OI0000522,O000351,P0055,2,39.57,13.59,65.55
OI0000523,O000352,P0028,1,337.81,38.16,299.65
OI0000524,O000353,P0020,1,240.66,36.7,203.96
OI0000525,O000354,P0073,1,246.45,19.8,226.65
OI0000526,O000355,P0039,1,339.4,51.4,288.0
OI0000527,O000355,P0054,1,77.63,11.9,65.73
OI0000528,O000356,P0039,2,339.4,67.83,610.97
OI0000529,O000356,P0039,1,339.4,26.77,312.63
OI0000530,O000357,P0021,1,46.15,2.02,44.13
OI0000531,O000358,P0010,2,63.63,10.94,116.32
OI0000532,O000358,P0079,1,58.4,5.18,53.22
OI0000533,O000359,P0013,1,296.26,41.51,254.75
OI0000534,O000360,P0008,1,205.45,24.72,180.73
OI0000535,O000361,P0020,1,240.66,25.4,215.26
OI0000536,O000362,P0039,1,339.4,58.82,280.58
OI0000537,O000362,P0003,1,199.95,36.14,163.81
OI0000538,O000363,P0016,1,262.79,30.9,231.89
OI0000539,O000363,P0016,2,262.79,121.69,403.89
OI0000540,O000363,P0034,1,284.16,27.11,257.05
OI0000541,O000364,P0069,1,139.74,25.46,114.28
OI0000542,O000365,P0031,1,10.46,0.0,10.46
OI0000543,O000365,P0079,1,58.4,6.47,51.93
OI0000544,O000366,P0023,1,295.85,36.25,259.6
OI0000545,O000367,P0078,1,287.9,36.17,251.73
OI0000546,O000367,P0054,2,77.63,21.12,134.14
OI0000547,O000368,P0012,1,100.32,7.56,92.76
OI0000548,O000369,P0014,1,99.57,7.19,92.38
OI0000549,O000369,P0011,1,216.32,2.12,214.2
OI0000550,O000369,P0008,1,205.45,19.7,185.75
OI0000551,O000370,P0049,1,33.06,4.41,28.65
OI0000552,O000371,P0065,1,144.28,24.18,120.1
OI0000553,O000371,P0030,3,84.85,2.54,252.01
OI0000554,O000372,P0061,1,309.44,56.0,253.44
OI0000555,O000373,P0048,2,164.37,77.65,251.09
OI0000556,O000374,P0062,1,282.36,31.97,250.39
OI0000557,O000375,P0046,1,219.83,29.08,190.75
OI0000558,O000376,P0060,1,341.05,69.4,271.65
OI0000559,O000377,P0029,1,348.34,70.16,278.18
OI0000560,O000377,P0003,1,199.95,41.09,158.86
OI0000561,O000378,P0054,1,77.63,11.53,66.1
OI0000562,O000379,P0066,1,240.4,29.1,211.3
OI0000563,O000380,P0052,1,326.66,58.73,267.93
OI0000564,O000381,P0075,1,111.93,25.65,86.28
OI0000565,O000382,P0074,1,239.64,29.5,210.14
OI0000566,O000383,P0017,1,131.8,10.29,121.51
OI0000567,O000383,P0078,2,287.9,95.81,479.99
OI0000568,O000384,P0038,1,159.55,28.47,131.08
OI0000569,O000385,P0049,1,33.06,4.78,28.28
OI0000570,O000386,P0043,1,263.81,63.55,200.26
OI0000571,O000386,P0043,1,263.81,71.1,192.71
OI0000572,O000387,P0059,1,315.43,57.75,257.68
OI0000573,O000387,P0070,1,185.81,15.15,170.66
OI0000574,O000388,P0030,2,84.85,37.11,132.59
OI0000575,O000388,P0019,1,139.59,39.52,100.07
OI0000576,O000389,P0066,1,240.4,79.86,160.54
OI0000577,O000390,P0037,1,55.94,17.0,38.94
OI0000578,O000391,P0044,1,27.45,7.19,20.26
OI0000579,O000392,P0063,1,138.83,43.11,95.72
OI0000580,O000392,P0052,1,326.66,49.39,277.27
OI0000581,O000392,P0061,2,309.44,96.22,522.66
OI0000582,O000393,P0032,1,302.0,34.2,267.8
OI0000583,O000393,P0020,2,240.66,51.07,430.25
OI0000584,O000394,P0058,1,207.22,30.89,176.33
OI0000585,O000395,P0031,3,10.46,0.69,30.69
OI0000586,O000396,P0035,1,148.6,18.28,130.32
OI0000587,O000397,P0014,1,99.57,8.68,90.89
OI0000588,O000398,P0079,1,58.4,8.35,50.05
OI0000589,O000398,P0039,1,339.4,18.29,321.11
OI0000590,O000399,P0041,1,98.7,0.0,98.7
OI0000591,O000400,P0064,2,127.58,11.57,243.59
OI0000592,O000400,P0052,1,326.66,20.19,306.47
OI0000593,O000401,P0054,1,77.63,0.0,77.63
OI0000594,O000402,P0039,2,339.4,0.0,678.8
OI0000595,O000403,P0051,1,217.19,19.81,197.38
OI0000596,O000404,P0033,1,192.42,28.7,163.72
OI0000597,O000404,P0079,1,58.4,15.08,43.32
OI0000598,O000405,P0045,1,146.09,32.23,113.86
OI0000599,O000405,P0045,1,146.09,15.03,131.06
OI0000600,O000406,P0079,2,58.4,6.88,109.92
OI0000601,O000407,P0042,1,60.94,13.49,47.45
OI0000602,O000407,P0004,1,209.53,19.58,189.95
OI0000603,O000408,P0045,1,146.09,20.61,125.48
OI0000604,O000409,P0034,1,284.16,0.0,284.16
OI0000605,O000410,P0051,1,217.19,31.19,186.0
OI0000606,O000410,P0023,1,295.85,37.16,258.69
OI0000607,O000411,P0008,1,205.45,0.0,205.45
OI0000608,O000412,P0066,3,240.4,103.79,617.41
OI0000609,O000412,P0016,1,262.79,27.02,235.77
OI0000610,O000412,P0074,1,239.64,54.34,185.3
OI0000611,O000413,P0028,1,337.81,10.72,327.09
OI0000612,O000414,P0043,1,263.81,27.79,236.02
OI0000613,O000415,P0044,1,27.45,2.91,24.54
OI0000614,O000415,P0044,1,27.45,4.72,22.73
OI0000615,O000416,P0077,1,233.33,32.26,201.07
OI0000616,O000417,P0036,2,28.73,10.18,47.28
OI0000617,O000417,P0027,1,233.63,36.53,197.1
OI0000618,O000418,P0056,1,225.89,8.86,217.03
OI0000619,O000419,P0059,1,315.43,38.32,277.11
OI0000620,O000419,P0020,1,240.66,23.74,216.92
OI0000621,O000420,P0003,1,199.95,29.98,169.97
OI0000622,O000421,P0032,1,302.0,35.94,266.06
OI0000623,O000422,P0055,1,39.57,8.48,31.09
OI0000624,O000423,P0012,1,100.32,24.45,75.87
OI0000625,O000424,P0040,1,81.1,12.45,68.65
OI0000626,O000425,P0064,1,127.58,7.02,120.56
OI0000627,O000426,P0018,1,302.5,56.01,246.49
OI0000628,O000427,P0074,1,239.64,52.52,187.12
OI0000629,O000427,P0074,1,239.64,31.26,208.38
OI0000630,O000427,P0029,1,348.34,30.69,317.65
OI0000631,O000428,P0075,2,111.93,44.81,179.05
OI0000632,O000429,P0029,1,348.34,42.65,305.69
OI0000633,O000430,P0033,1,192.42,16.35,176.07
OI0000634,O000430,P0030,1,84.85,6.41,78.44
OI0000635,O000431,P0027,1,233.63,40.53,193.1
OI0000636,O000431,P0056,2,225.89,10.64,441.14
OI0000637,O000432,P0015,1,143.31,19.69,123.62
OI0000638,O000433,P0063,1,138.83,11.55,127.28
OI0000639,O000434,P0025,1,14.66,0.6,14.06
OI0000640,O000435,P0002,1,209.95,32.17,177.78
OI0000641,O000436,P0035,1,148.6,3.75,144.85
OI0000642,O000437,P0078,1,287.9,41.11,246.79
OI0000643,O000438,P0056,1,225.89,3.3,222.59
OI0000644,O000438,P0044,2,27.45,7.48,47.42
OI0000645,O000438,P0044,2,27.45,9.71,45.19
OI0000646,O000439,P0023,1,295.85,27.26,268.59
OI0000647,O000439,P0043,1,263.81,15.99,247.82
OI0000648,O000440,P0050,2,308.71,65.42,552.0
OI0000649,O000441,P0019,1,139.59,0.0,139.59
OI0000650,O000441,P0069,1,139.74,12.07,127.67
OI0000651,O000441,P0014,2,99.57,9.65,189.49
OI0000652,O000442,P0038,1,159.55,25.22,134.33
OI0000653,O000443,P0007,2,340.81,29.27,652.35
OI0000654,O000443,P0011,1,216.32,29.16,187.16
OI0000655,O000444,P0026,1,37.29,4.39,32.9
OI0000656,O000445,P0065,1,144.28,17.78,126.5
OI0000657,O000446,P0036,1,28.73,5.05,23.68
OI0000658,O000447,P0052,1,326.66,37.77,288.89
OI0000659,O000448,P0067,1,69.07,7.49,61.58
OI0000660,O000449,P0013,2,296.26,0.0,592.52
OI0000661,O000450,P0021,2,46.15,10.11,82.19
OI0000662,O000451,P0009,1,344.95,19.11,325.84
OI0000663,O000451,P0022,1,340.39,85.7,254.69
OI0000664,O000452,P0059,1,315.43,82.82,232.61
OI0000665,O000452,P0032,2,302.0,111.96,492.04
OI0000666,O000453,P0007,1,340.81,61.63,279.18
OI0000667,O000454,P0052,1,326.66,73.59,253.07
OI0000668,O000455,P0023,1,295.85,73.31,222.54
OI0000669,O000456,P0051,1,217.19,29.46,187.73
OI0000670,O000457,P0009,1,344.95,91.83,253.12
OI0000671,O000458,P0004,3,209.53,83.99,544.6
OI0000672,O000458,P0040,2,81.1,48.6,113.6
OI0000673,O000459,P0023,1,295.85,62.61,233.24
OI0000674,O000459,P0067,1,69.07,10.83,58.24
OI0000675,O000460,P0040,1,81.1,5.14,75.96
OI0000676,O000460,P0009,1,344.95,44.89,300.06
OI0000677,O000461,P0031,1,10.46,0.84,9.62
OI0000678,O000462,P0057,1,199.83,17.09,182.74
OI0000679,O000463,P0047,1,77.86,14.23,63.63
OI0000680,O000464,P0001,1,16.55,1.81,14.74
OI0000681,O000465,P0065,1,144.28,30.88,113.4
OI0000682,O000466,P0007,1,340.81,62.27,278.54
OI0000683,O000467,P0023,2,295.85,150.05,441.65
OI0000684,O000468,P0022,1,340.39,113.39,227.0
OI0000685,O000468,P0009,1,344.95,36.47,308.48
OI0000686,O000469,P0008,1,205.45,62.39,143.06
OI0000687,O000470,P0004,1,209.53,49.73,159.8
OI0000688,O000470,P0034,1,284.16,35.93,248.23
OI0000689,O000470,P0030,1,84.85,16.47,68.38
OI0000690,O000471,P0046,1,219.83,25.41,194.42
OI0000691,O000472,P0005,1,103.03,19.59,83.44
OI0000692,O000473,P0030,1,84.85,15.92,68.93
OI0000693,O000473,P0031,1,10.46,1.65,8.81
OI0000694,O000474,P0078,1,287.9,41.98,245.92
OI0000695,O000475,P0048,1,164.37,25.6,138.77
OI0000696,O000475,P0052,1,326.66,57.41,269.25
OI0000697,O000476,P0016,1,262.79,51.63,211.16
OI0000698,O000477,P0022,1,340.39,27.46,312.93
OI0000699,O000478,P0066,1,240.4,29.01,211.39
OI0000700,O000479,P0079,1,58.4,5.18,53.22
OI0000701,O000479,P0008,1,205.45,0.0,205.45
OI0000702,O000480,P0047,1,77.86,25.26,52.6
OI0000703,O000481,P0053,1,261.91,27.16,234.75
OI0000704,O000482,P0024,1,192.47,36.82,155.65
OI0000705,O000483,P0022,1,340.39,33.6,306.79
OI0000706,O000483,P0067,1,69.07,14.46,54.61
OI0000707,O000484,P0075,1,111.93,7.08,104.85
OI0000708,O000484,P0034,2,284.16,51.03,517.29
OI0000709,O000485,P0005,1,103.03,11.16,91.87
OI0000710,O000486,P0044,1,27.45,4.31,23.14
OI0000711,O000487,P0027,2,233.63,86.52,380.74
OI0000712,O000488,P0075,1,111.93,13.11,98.82
OI0000713,O000488,P0032,1,302.0,56.97,245.03
OI0000714,O000489,P0040,1,81.1,8.34,72.76
OI0000715,O000489,P0038,2,159.55,16.91,302.19
OI0000716,O000490,P0047,1,77.86,15.46,62.4
OI0000717,O000490,P0015,2,143.31,16.43,270.19
OI0000718,O000491,P0045,1,146.09,5.38,140.71
OI0000719,O000491,P0079,1,58.4,5.51,52.89
OI0000720,O000492,P0002,1,209.95,14.17,195.78
OI0000721,O000492,P0033,1,192.42,39.75,152.67
OI0000722,O000493,P0056,2,225.89,53.98,397.8
OI0000723,O000494,P0053,2,261.91,107.3,416.52
OI0000724,O000494,P0058,1,207.22,13.2,194.02
OI0000725,O000494,P0019,1,139.59,27.4,112.19
OI0000726,O000495,P0076,1,159.09,21.9,137.19
OI0000727,O000496,P0046,1,219.83,9.64,210.19
OI0000728,O000497,P0039,1,339.4,63.27,276.13
OI0000729,O000497,P0055,1,39.57,6.19,33.38
OI0000730,O000498,P0022,1,340.39,29.46,310.93
OI0000731,O000499,P0055,1,39.57,0.28,39.29
OI0000732,O000500,P0039,1,339.4,35.43,303.97
OI0000733,O000501,P0013,1,296.26,4.62,291.64
OI0000734,O000502,P0058,2,207.22,72.36,342.08
OI0000735,O000503,P0023,1,295.85,32.69,263.16
OI0000736,O000504,P0008,1,205.45,41.51,163.94
OI0000737,O000505,P0039,2,339.4,153.96,524.84
OI0000738,O000506,P0058,1,207.22,20.89,186.33
OI0000739,O000507,P0005,1,103.03,14.28,88.75
OI0000740,O000508,P0053,1,261.91,48.92,212.99
OI0000741,O000509,P0047,1,77.86,10.44,67.42
OI0000742,O000509,P0040,1,81.1,16.41,64.69
OI0000743,O000509,P0022,2,340.39,204.86,475.92
OI0000744,O000510,P0053,1,261.91,25.58,236.33
OI0000745,O000510,P0053,1,261.91,39.77,222.14
OI0000746,O000511,P0052,1,326.66,54.07,272.59
OI0000747,O000512,P0047,1,77.86,3.02,74.84
OI0000748,O000513,P0065,1,144.28,15.77,128.51
OI0000749,O000514,P0042,1,60.94,9.43,51.51
OI0000750,O000514,P0016,1,262.79,27.84,234.95
OI0000751,O000515,P0028,1,337.81,81.19,256.62
OI0000752,O000515,P0051,2,217.19,81.48,352.9
OI0000753,O000515,P0062,2,282.36,48.17,516.55
OI0000754,O000516,P0066,2,240.4,101.05,379.75
OI0000755,O000517,P0030,1,84.85,17.02,67.83
OI0000756,O000518,P0046,2,219.83,77.08,362.58
OI0000757,O000519,P0006,2,130.77,21.0,240.54
OI0000758,O000520,P0005,2,103.03,23.21,182.85
OI0000759,O000521,P0069,3,139.74,32.95,386.27
OI0000760,O000522,P0026,1,37.29,0.0,37.29
OI0000761,O000523,P0056,1,225.89,16.3,209.59
OI0000762,O000524,P0064,1,127.58,29.41,98.17
OI0000763,O000525,P0065,1,144.28,27.03,117.25
OI0000764,O000525,P0033,2,192.42,28.06,356.78
OI0000765,O000525,P0045,1,146.09,17.59,128.5
OI0000766,O000526,P0033,1,192.42,31.49,160.93
OI0000767,O000527,P0025,1,14.66,2.58,12.08
OI0000768,O000527,P0015,2,143.31,69.71,216.91
OI0000769,O000528,P0033,1,192.42,38.16,154.26
OI0000770,O000529,P0019,1,139.59,15.43,124.16
OI0000771,O000529,P0016,1,262.79,39.25,223.54
OI0000772,O000529,P0044,1,27.45,6.97,20.48
OI0000773,O000530,P0065,3,144.28,37.77,395.07
OI0000774,O000531,P0010,1,63.63,14.19,49.44
OI0000775,O000532,P0004,2,209.53,75.06,344.0
OI0000776,O000533,P0011,1,216.32,49.12,167.2
OI0000777,O000534,P0058,1,207.22,58.05,149.17
OI0000778,O000535,P0058,1,207.22,62.53,144.69
OI0000779,O000535,P0008,1,205.45,10.53,194.92
OI0000780,O000535,P0013,1,296.26,43.63,252.63
OI0000781,O000536,P0013,1,296.26,36.3,259.96
OI0000782,O000537,P0024,1,192.47,14.44,178.03
OI0000783,O000538,P0025,1,14.66,2.12,12.54
OI0000784,O000538,P0010,1,63.63,6.15,57.48
OI0000785,O000539,P0034,1,284.16,40.31,243.85
OI0000786,O000540,P0059,1,315.43,71.65,243.78
OI0000787,O000540,P0075,1,111.93,17.99,93.94
OI0000788,O000541,P0018,1,302.5,35.36,267.14
OI0000789,O000542,P0043,2,263.81,59.73,467.89
OI0000790,O000543,P0019,1,139.59,23.47,116.12
OI0000791,O000544,P0067,1,69.07,12.07,57.0
OI0000792,O000544,P0047,1,77.86,17.22,60.64
OI0000793,O000545,P0077,2,233.33,61.89,404.77
OI0000794,O000546,P0020,1,240.66,21.5,219.16
OI0000795,O000546,P0020,1,240.66,32.12,208.54
OI0000796,O000546,P0039,1,339.4,43.34,296.06
OI0000797,O000547,P0005,1,103.03,16.95,86.08
OI0000798,O000548,P0030,1,84.85,15.26,69.59
OI0000799,O000548,P0031,1,10.46,1.05,9.41
OI0000800,O000549,P0027,2,233.63,66.99,400.27
OI0000801,O000549,P0061,1,309.44,50.67,258.77
OI0000802,O000550,P0056,1,225.89,18.14,207.75
OI0000803,O000551,P0024,1,192.47,28.16,164.31
OI0000804,O000552,P0059,1,315.43,18.22,297.21
OI0000805,O000553,P0058,1,207.22,29.77,177.45
OI0000806,O000553,P0043,2,263.81,80.69,446.93
OI0000807,O000554,P0076,1,159.09,18.94,140.15
OI0000808,O000555,P0061,1,309.44,38.19,271.25
OI0000809,O000556,P0024,1,192.47,32.25,160.22
OI0000810,O000557,P0044,1,27.45,5.23,22.22
OI0000811,O000558,P0002,1,209.95,13.8,196.15
OI0000812,O000559,P0033,1,192.42,27.69,164.73
OI0000813,O000560,P0045,1,146.09,17.62,128.47
OI0000814,O000560,P0056,1,225.89,29.5,196.39
OI0000815,O000561,P0071,1,31.93,3.81,28.12
OI0000816,O000562,P0068,1,126.22,15.3,110.92
OI0000817,O000563,P0035,1,148.6,7.4,141.2
OI0000818,O000564,P0066,2,240.4,67.45,413.35
OI0000819,O000565,P0029,1,348.34,17.74,330.6
OI0000820,O000565,P0062,1,282.36,47.78,234.58
OI0000821,O000566,P0074,1,239.64,0.0,239.64
OI0000822,O000567,P0073,1,246.45,18.09,228.36
OI0000823,O000568,P0035,1,148.6,0.0,148.6
OI0000824,O000569,P0058,1,207.22,20.52,186.7
OI0000825,O000570,P0066,1,240.4,3.19,237.21
OI0000826,O000570,P0028,1,337.81,11.0,326.81
OI0000827,O000570,P0014,1,99.57,3.42,96.15
OI0000828,O000571,P0035,1,148.6,0.0,148.6
OI0000829,O000572,P0057,2,199.83,0.0,399.66
OI0000830,O000572,P0042,1,60.94,4.29,56.65
OI0000831,O000573,P0024,1,192.47,12.04,180.43
OI0000832,O000573,P0021,1,46.15,2.43,43.72
OI0000833,O000573,P0053,2,261.91,17.87,505.95
OI0000834,O000574,P0001,1,16.55,1.1,15.45
OI0000835,O000574,P0006,1,130.77,4.97,125.8
OI0000836,O000575,P0050,1,308.71,18.4,290.31
OI0000837,O000575,P0050,1,308.71,38.72,269.99
OI0000838,O000576,P0071,1,31.93,1.73,30.2
OI0000839,O000577,P0029,1,348.34,36.47,311.87
OI0000840,O000578,P0033,1,192.42,43.16,149.26
OI0000841,O000578,P0047,1,77.86,16.46,61.4
OI0000842,O000579,P0061,1,309.44,66.01,243.43
OI0000843,O000580,P0049,1,33.06,4.21,28.85
OI0000844,O000580,P0007,1,340.81,26.69,314.12
OI0000845,O000580,P0002,1,209.95,36.07,173.88
OI0000846,O000581,P0006,1,130.77,30.39,100.38
OI0000847,O000582,P0036,1,28.73,2.64,26.09
OI0000848,O000582,P0019,1,139.59,8.48,131.11
OI0000849,O000583,P0027,1,233.63,51.07,182.56
OI0000850,O000584,P0056,1,225.89,32.85,193.04
OI0000851,O000585,P0064,3,127.58,80.16,302.58
OI0000852,O000585,P0042,1,60.94,10.25,50.69
OI0000853,O000586,P0080,1,163.75,33.95,129.8
OI0000854,O000587,P0042,1,60.94,18.56,42.38
OI0000855,O000588,P0079,1,58.4,15.91,42.49
OI0000856,O000589,P0021,1,46.15,9.27,36.88
OI0000857,O000589,P0067,1,69.07,9.61,59.46
OI0000858,O000590,P0041,1,98.7,10.99,87.71
OI0000859,O000590,P0013,1,296.26,86.99,209.27
OI0000860,O000591,P0047,1,77.86,12.18,65.68
OI0000861,O000592,P0028,1,337.81,36.06,301.75
OI0000862,O000593,P0050,1,308.71,52.19,256.52
OI0000863,O000593,P0063,1,138.83,32.05,106.78
OI0000864,O000593,P0004,1,209.53,30.35,179.18
OI0000865,O000594,P0042,2,60.94,16.95,104.93
OI0000866,O000595,P0045,1,146.09,11.1,134.99
OI0000867,O000595,P0030,1,84.85,16.65,68.2
OI0000868,O000596,P0031,1,10.46,1.51,8.95
OI0000869,O000597,P0016,1,262.79,70.67,192.12
OI0000870,O000598,P0021,1,46.15,7.73,38.42
OI0000871,O000598,P0005,1,103.03,20.97,82.06
OI0000872,O000599,P0056,1,225.89,18.87,207.02
OI0000873,O000599,P0065,1,144.28,11.83,132.45
OI0000874,O000600,P0003,1,199.95,16.39,183.56
OI0000875,O000601,P0021,1,46.15,5.9,40.25
OI0000876,O000601,P0027,1,233.63,36.61,197.02
OI0000877,O000602,P0030,1,84.85,11.95,72.9
OI0000878,O000602,P0030,1,84.85,18.51,66.34
OI0000879,O000603,P0028,1,337.81,39.86,297.95
OI0000880,O000604,P0078,1,287.9,0.0,287.9
OI0000881,O000605,P0057,1,199.83,49.92,149.91
OI0000882,O000606,P0056,2,225.89,32.52,419.26
OI0000883,O000606,P0066,1,240.4,14.82,225.58
OI0000884,O000606,P0057,1,199.83,38.29,161.54
OI0000885,O000607,P0067,1,69.07,19.82,49.25
OI0000886,O000608,P0024,1,192.47,43.75,148.72
OI0000887,O000608,P0021,1,46.15,9.42,36.73
OI0000888,O000608,P0048,1,164.37,40.32,124.05
OI0000889,O000609,P0006,1,130.77,25.41,105.36
OI0000890,O000609,P0022,1,340.39,30.98,309.41
OI0000891,O000610,P0069,1,139.74,35.6,104.14
OI0000892,O000610,P0064,1,127.58,12.92,114.66
OI0000893,O000610,P0017,1,131.8,5.41,126.39
OI0000894,O000611,P0023,1,295.85,44.2,251.65
OI0000895,O000612,P0049,1,33.06,9.08,23.98
OI0000896,O000613,P0050,1,308.71,53.18,255.53
OI0000897,O000613,P0024,1,192.47,21.41,171.06
OI0000898,O000614,P0052,1,326.66,36.91,289.75
OI0000899,O000614,P0021,1,46.15,2.35,43.8
OI0000900,O000615,P0040,1,81.1,14.58,66.52
OI0000901,O000615,P0040,1,81.1,17.63,63.47
OI0000902,O000616,P0040,1,81.1,12.58,68.52
OI0000903,O000617,P0005,1,103.03,14.5,88.53
OI0000904,O000617,P0073,2,246.45,34.49,458.41
OI0000905,O000618,P0027,1,233.63,39.8,193.83
OI0000906,O000619,P0061,1,309.44,52.38,257.06
OI0000907,O000619,P0031,1,10.46,1.92,8.54
OI0000908,O000619,P0030,2,84.85,0.0,169.7
OI0000909,O000620,P0032,1,302.0,0.0,302.0
OI0000910,O000620,P0033,1,192.42,22.33,170.09
OI0000911,O000620,P0031,1,10.46,1.91,8.55
OI0000912,O000621,P0010,1,63.63,5.56,58.07
OI0000913,O000622,P0079,2,58.4,0.0,116.8
OI0000914,O000622,P0031,2,10.46,3.91,17.01
OI0000915,O000623,P0015,1,143.31,15.13,128.18
OI0000916,O000623,P0077,2,233.33,38.64,428.02
OI0000917,O000624,P0036,2,28.73,11.1,46.36
OI0000918,O000624,P0031,1,10.46,1.72,8.74
OI0000919,O000625,P0065,1,144.28,0.0,144.28
OI0000920,O000626,P0079,1,58.4,5.74,52.66
OI0000921,O000626,P0031,1,10.46,0.96,9.5
OI0000922,O000627,P0005,2,103.03,22.46,183.6
OI0000923,O000628,P0033,1,192.42,0.0,192.42
OI0000924,O000628,P0033,1,192.42,10.3,182.12
OI0000925,O000628,P0036,1,28.73,0.73,28.0
OI0000926,O000629,P0079,2,58.4,2.06,114.74
OI0000927,O000629,P0023,2,295.85,0.0,591.7
OI0000928,O000630,P0065,1,144.28,0.99,143.29
OI0000929,O000631,P0031,1,10.46,1.29,9.17
OI0000930,O000632,P0031,1,10.46,0.19,10.27
OI0000931,O000633,P0035,1,148.6,9.21,139.39
OI0000932,O000633,P0074,1,239.64,31.51,208.13
OI0000933,O000634,P0065,3,144.28,0.0,432.84
OI0000934,O000635,P0030,1,84.85,2.67,82.18
OI0000935,O000636,P0033,1,192.42,43.26,149.16
OI0000936,O000637,P0047,1,77.86,0.0,77.86
OI0000937,O000638,P0065,1,144.28,28.08,116.2
OI0000938,O000638,P0016,1,262.79,0.11,262.68
OI0000939,O000638,P0065,2,144.28,5.24,283.32
OI0000940,O000639,P0016,2,262.79,59.32,466.26
OI0000941,O000640,P0036,1,28.73,8.24,20.49
OI0000942,O000641,P0051,1,217.19,35.57,181.62
OI0000943,O000642,P0024,1,192.47,19.2,173.27
OI0000944,O000642,P0032,2,302.0,106.99,497.01
OI0000945,O000643,P0074,1,239.64,36.51,203.13
OI0000946,O000644,P0056,2,225.89,43.17,408.61
OI0000947,O000645,P0005,2,103.03,35.39,170.67
OI0000948,O000645,P0021,1,46.15,4.3,41.85
OI0000949,O000646,P0025,1,14.66,2.12,12.54
OI0000950,O000646,P0021,1,46.15,2.31,43.84
OI0000951,O000647,P0057,1,199.83,43.79,156.04
OI0000952,O000648,P0080,1,163.75,24.64,139.11
OI0000953,O000649,P0071,1,31.93,3.75,28.18
OI0000954,O000649,P0063,1,138.83,20.79,118.04
OI0000955,O000650,P0061,1,309.44,8.89,300.55
OI0000956,O000650,P0061,1,309.44,32.67,276.77
OI0000957,O000651,P0055,1,39.57,2.64,36.93
OI0000958,O000652,P0037,1,55.94,9.24,46.7
OI0000959,O000653,P0070,1,185.81,20.3,165.51
OI0000960,O000654,P0046,1,219.83,29.44,190.39
OI0000961,O000654,P0020,1,240.66,26.23,214.43
OI0000962,O000655,P0056,1,225.89,22.62,203.27
OI0000963,O000656,P0043,3,263.81,180.88,610.55
OI0000964,O000657,P0055,1,39.57,1.72,37.85
OI0000965,O000657,P0074,1,239.64,0.0,239.64
OI0000966,O000658,P0042,1,60.94,9.46,51.48
OI0000967,O000659,P0025,1,14.66,2.63,12.03
OI0000968,O000659,P0051,1,217.19,46.85,170.34
OI0000969,O000659,P0037,1,55.94,11.85,44.09
OI0000970,O000660,P0004,1,209.53,28.44,181.09
OI0000971,O000661,P0076,1,159.09,29.95,129.14
OI0000972,O000662,P0008,1,205.45,19.04,186.41
OI0000973,O000663,P0058,1,207.22,27.91,179.31
OI0000974,O000663,P0008,1,205.45,4.48,200.97
OI0000975,O000664,P0042,1,60.94,6.52,54.42
OI0000976,O000665,P0005,1,103.03,11.5,91.53
OI0000977,O000665,P0078,2,287.9,34.31,541.49
OI0000978,O000666,P0013,2,296.26,30.23,562.29
OI0000979,O000666,P0021,2,46.15,9.02,83.28
OI0000980,O000666,P0050,3,308.71,128.06,798.07
OI0000981,O000667,P0021,2,46.15,11.12,81.18
OI0000982,O000668,P0060,1,341.05,29.73,311.32
OI0000983,O000669,P0008,2,205.45,31.22,379.68
OI0000984,O000670,P0054,1,77.63,0.0,77.63
OI0000985,O000671,P0068,1,126.22,21.76,104.46
OI0000986,O000672,P0017,1,131.8,19.33,112.47
OI0000987,O000673,P0007,1,340.81,106.66,234.15
OI0000988,O000674,P0058,1,207.22,55.95,151.27
OI0000989,O000674,P0008,1,205.45,52.91,152.54
OI0000990,O000675,P0077,3,233.33,169.04,530.95
OI0000991,O000676,P0056,1,225.89,64.71,161.18
OI0000992,O000676,P0057,1,199.83,41.38,158.45
OI0000993,O000677,P0010,1,63.63,7.35,56.28
OI0000994,O000678,P0046,1,219.83,31.72,188.11
OI0000995,O000678,P0054,3,77.63,30.45,202.44
OI0000996,O000679,P0007,1,340.81,43.17,297.64
OI0000997,O000680,P0021,1,46.15,4.45,41.7
OI0000998,O000681,P0077,1,233.33,21.66,211.67
OI0000999,O000682,P0033,2,192.42,74.82,310.02
OI0001000,O000683,P0032,1,302.0,35.25,266.75
OI0001001,O000684,P0008,1,205.45,34.06,171.39
OI0001002,O000684,P0059,1,315.43,30.85,284.58
OI0001003,O000685,P0001,1,16.55,1.39,15.16
OI0001004,O000686,P0078,1,287.9,17.88,270.02
OI0001005,O000687,P0025,2,14.66,1.92,27.4
OI0001006,O000688,P0045,1,146.09,12.02,134.07
OI0001007,O000689,P0065,1,144.28,14.51,129.77
OI0001008,O000690,P0058,1,207.22,16.18,191.04
OI0001009,O000691,P0041,1,98.7,9.54,89.16
OI0001010,O000692,P0040,1,81.1,2.55,78.55
OI0001011,O000693,P0054,2,77.63,27.01,128.25
OI0001012,O000694,P0020,1,240.66,5.89,234.77
OI0001013,O000694,P0015,1,143.31,7.6,135.71
OI0001014,O000695,P0067,1,69.07,7.48,61.59
OI0001015,O000696,P0028,1,337.81,68.46,269.35
OI0001016,O000697,P0060,1,341.05,31.99,309.06
OI0001017,O000697,P0048,1,164.37,0.58,163.79
OI0001018,O000698,P0040,1,81.1,13.52,67.58
OI0001019,O000698,P0040,1,81.1,5.8,75.3
OI0001020,O000698,P0034,2,284.16,121.17,447.15
OI0001021,O000699,P0076,2,159.09,28.15,290.03
OI0001022,O000700,P0035,1,148.6,12.0,136.6
OI0001023,O000700,P0019,1,139.59,19.0,120.59
OI0001024,O000700,P0061,1,309.44,23.27,286.17
OI0001025,O000701,P0026,1,37.29,2.66,34.63
OI0001026,O000702,P0009,1,344.95,80.62,264.33
OI0001027,O000703,P0074,3,239.64,94.76,624.16
OI0001028,O000704,P0064,1,127.58,26.38,101.2
OI0001029,O000705,P0046,1,219.83,28.08,191.75
OI0001030,O000706,P0021,1,46.15,5.99,40.16
OI0001031,O000707,P0043,2,263.81,55.49,472.13
OI0001032,O000707,P0046,1,219.83,42.07,177.76
OI0001033,O000708,P0007,1,340.81,55.25,285.56
OI0001034,O000708,P0030,1,84.85,7.58,77.27
OI0001035,O000709,P0020,1,240.66,18.27,222.39
OI0001036,O000710,P0059,1,315.43,44.6,270.83
OI0001037,O000710,P0055,1,39.57,6.01,33.56
OI0001038,O000711,P0075,1,111.93,13.59,98.34
OI0001039,O000712,P0018,1,302.5,63.95,238.55
OI0001040,O000713,P0041,1,98.7,12.92,85.78
OI0001041,O000714,P0055,1,39.57,0.57,39.0
OI0001042,O000715,P0043,1,263.81,50.82,212.99
OI0001043,O000716,P0034,1,284.16,33.21,250.95
OI0001044,O000717,P0070,2,185.81,68.19,303.43
OI0001045,O000718,P0039,1,339.4,13.93,325.47
OI0001046,O000718,P0027,1,233.63,49.63,184.0
OI0001047,O000719,P0076,1,159.09,40.04,119.05
OI0001048,O000719,P0025,1,14.66,2.73,11.93
OI0001049,O000720,P0012,1,100.32,19.67,80.65
OI0001050,O000721,P0025,1,14.66,2.66,12.0
OI0001051,O000721,P0003,3,199.95,149.65,450.2
OI0001052,O000722,P0043,1,263.81,44.75,219.06
OI0001053,O000723,P0033,3,192.42,94.6,482.66
OI0001054,O000724,P0031,1,10.46,1.32,9.14
OI0001055,O000725,P0045,1,146.09,13.67,132.42
OI0001056,O000725,P0074,1,239.64,20.79,218.85
OI0001057,O000726,P0039,2,339.4,96.26,582.54
OI0001058,O000727,P0056,1,225.89,42.78,183.11
OI0001059,O000728,P0077,2,233.33,41.34,425.32
OI0001060,O000728,P0065,1,144.28,12.94,131.34
OI0001061,O000729,P0070,1,185.81,23.24,162.57
OI0001062,O000730,P0007,1,340.81,25.93,314.88
OI0001063,O000731,P0056,1,225.89,36.67,189.22
OI0001064,O000732,P0056,1,225.89,10.51,215.38
OI0001065,O000733,P0056,1,225.89,28.67,197.22
OI0001066,O000734,P0064,1,127.58,14.23,113.35
OI0001067,O000735,P0059,1,315.43,45.8,269.63
OI0001068,O000735,P0070,1,185.81,40.59,145.22
OI0001069,O000735,P0070,1,185.81,18.75,167.06
OI0001070,O000736,P0054,1,77.63,12.53,65.1
OI0001071,O000736,P0005,1,103.03,10.97,92.06
OI0001072,O000737,P0018,1,302.5,71.01,231.49
OI0001073,O000738,P0013,1,296.26,56.55,239.71
OI0001074,O000738,P0054,1,77.63,12.79,64.84
OI0001075,O000739,P0061,1,309.44,40.31,269.13
OI0001076,O000740,P0036,1,28.73,3.0,25.73
OI0001077,O000741,P0001,1,16.55,3.8,12.75
OI0001078,O000741,P0041,2,98.7,40.32,157.08
OI0001079,O000742,P0006,1,130.77,6.85,123.92
OI0001080,O000743,P0047,2,77.86,20.56,135.16
OI0001081,O000744,P0074,1,239.64,0.0,239.64
OI0001082,O000745,P0056,1,225.89,31.08,194.81
OI0001083,O000746,P0044,1,27.45,0.0,27.45
OI0001084,O000746,P0039,1,339.4,42.85,296.55
OI0001085,O000747,P0056,2,225.89,9.44,442.34
OI0001086,O000748,P0031,1,10.46,0.89,9.57
OI0001087,O000749,P0027,1,233.63,29.81,203.82
OI0001088,O000750,P0024,1,192.47,37.91,154.56
OI0001089,O000751,P0061,1,309.44,23.49,285.95
OI0001090,O000752,P0056,1,225.89,42.56,183.33
OI0001091,O000753,P0056,1,225.89,60.03,165.86
OI0001092,O000754,P0021,1,46.15,8.29,37.86
OI0001093,O000755,P0031,1,10.46,1.15,9.31
OI0001094,O000755,P0045,1,146.09,23.48,122.61
OI0001095,O000755,P0030,1,84.85,1.83,83.02
OI0001096,O000756,P0030,1,84.85,12.66,72.19
OI0001097,O000757,P0030,2,84.85,0.0,169.7
OI0001098,O000758,P0058,1,207.22,37.14,170.08
OI0001099,O000758,P0033,1,192.42,33.45,158.97
OI0001100,O000759,P0079,2,58.4,17.81,98.99
OI0001101,O000759,P0033,1,192.42,32.61,159.81
OI0001102,O000760,P0028,1,337.81,41.09,296.72
OI0001103,O000761,P0065,1,144.28,26.65,117.63
OI0001104,O000761,P0031,1,10.46,2.33,8.13
OI0001105,O000762,P0062,1,282.36,47.28,235.08
OI0001106,O000763,P0030,1,84.85,12.96,71.89
OI0001107,O000763,P0031,1,10.46,1.48,8.98
OI0001108,O000764,P0016,1,262.79,46.15,216.64
OI0001109,O000765,P0078,1,287.9,48.93,238.97
OI0001110,O000766,P0031,1,10.46,2.5,7.96
OI0001111,O000766,P0016,1,262.79,71.79,191.0
OI0001112,O000767,P0030,2,84.85,27.72,141.98
OI0001113,O000768,P0077,1,233.33,71.38,161.95
OI0001114,O000769,P0068,1,126.22,23.44,102.78
OI0001115,O000770,P0024,1,192.47,18.15,174.32
OI0001116,O000771,P0024,1,192.47,21.38,171.09
OI0001117,O000772,P0057,1,199.83,20.9,178.93
OI0001118,O000773,P0024,1,192.47,45.63,146.84
OI0001119,O000774,P0080,1,163.75,56.47,107.28
OI0001120,O000775,P0077,1,233.33,52.18,181.15
OI0001121,O000776,P0061,1,309.44,45.04,264.4
OI0001122,O000777,P0022,3,340.39,195.56,825.61
OI0001123,O000777,P0067,1,69.07,15.16,53.91
OI0001124,O000778,P0009,1,344.95,55.04,289.91
OI0001125,O000779,P0074,1,239.64,31.16,208.48
OI0001126,O000780,P0064,1,127.58,9.5,118.08
OI0001127,O000781,P0043,1,263.81,8.37,255.44
OI0001128,O000782,P0032,1,302.0,59.16,242.84
OI0001129,O000782,P0048,1,164.37,22.55,141.82
OI0001130,O000783,P0047,2,77.86,20.03,135.69
OI0001131,O000784,P0023,1,295.85,76.28,219.57
OI0001132,O000785,P0043,2,263.81,84.42,443.2
OI0001133,O000786,P0044,1,27.45,4.32,23.13
OI0001134,O000787,P0024,2,192.47,56.39,328.55
OI0001135,O000788,P0077,2,233.33,48.69,417.97
OI0001136,O000788,P0027,2,233.63,22.1,445.16
OI0001137,O000788,P0024,3,192.47,84.65,492.76
OI0001138,O000789,P0061,1,309.44,43.39,266.05
OI0001139,O000790,P0056,1,225.89,28.48,197.41
OI0001140,O000790,P0021,1,46.15,5.43,40.72
OI0001141,O000791,P0073,1,246.45,27.4,219.05
OI0001142,O000791,P0017,1,131.8,22.57,109.23
OI0001143,O000792,P0044,1,27.45,1.31,26.14
OI0001144,O000792,P0024,2,192.47,33.16,351.78
OI0001145,O000793,P0024,1,192.47,36.66,155.81
OI0001146,O000794,P0055,1,39.57,1.61,37.96
OI0001147,O000795,P0024,2,192.47,52.7,332.24
OI0001148,O000795,P0026,1,37.29,7.95,29.34
OI0001149,O000796,P0065,1,144.28,11.47,132.81
OI0001150,O000797,P0006,1,130.77,22.16,108.61
OI0001151,O000798,P0060,2,341.05,74.96,607.14
OI0001152,O000799,P0070,1,185.81,32.87,152.94
OI0001153,O000799,P0055,1,39.57,10.19,29.38
OI0001154,O000800,P0040,1,81.1,8.66,72.44
OI0001155,O000801,P0046,1,219.83,25.61,194.22
OI0001156,O000802,P0039,1,339.4,74.16,265.24
OI0001157,O000803,P0021,1,46.15,2.54,43.61
OI0001158,O000803,P0005,3,103.03,49.38,259.71
OI0001159,O000804,P0067,1,69.07,0.0,69.07
OI0001160,O000804,P0067,1,69.07,0.0,69.07
OI0001161,O000804,P0046,1,219.83,19.2,200.63
OI0001162,O000805,P0050,1,308.71,57.35,251.36
OI0001163,O000805,P0053,1,261.91,23.08,238.83
OI0001164,O000805,P0056,1,225.89,10.59,215.3
OI0001165,O000806,P0064,1,127.58,18.84,108.74
OI0001166,O000806,P0050,1,308.71,49.93,258.78
OI0001167,O000806,P0001,1,16.55,2.86,13.69
OI0001168,O000807,P0011,1,216.32,46.75,169.57
OI0001169,O000807,P0076,1,159.09,31.41,127.68
OI0001170,O000807,P0059,1,315.43,34.97,280.46
OI0001171,O000808,P0048,1,164.37,37.3,127.07
OI0001172,O000809,P0010,1,63.63,11.68,51.95
OI0001173,O000810,P0038,1,159.55,27.28,132.27
OI0001174,O000811,P0011,1,216.32,45.83,170.49
OI0001175,O000811,P0062,2,282.36,33.13,531.59
OI0001176,O000812,P0035,1,148.6,21.77,126.83
OI0001177,O000812,P0014,1,99.57,18.8,80.77
OI0001178,O000813,P0060,2,341.05,111.34,570.76
OI0001179,O000814,P0068,2,126.22,54.65,197.79
OI0001180,O000814,P0066,1,240.4,20.78,219.62
OI0001181,O000815,P0028,1,337.81,71.63,266.18
OI0001182,O000816,P0062,2,282.36,116.78,447.94
OI0001183,O000817,P0075,1,111.93,23.12,88.81
OI0001184,O000818,P0026,1,37.29,6.18,31.11
OI0001185,O000818,P0007,1,340.81,56.35,284.46
OI0001186,O000819,P0048,1,164.37,14.42,149.95
OI0001187,O000819,P0057,1,199.83,41.78,158.05
OI0001188,O000820,P0056,1,225.89,51.81,174.08
OI0001189,O000821,P0029,1,348.34,57.02,291.32
OI0001190,O000821,P0061,1,309.44,26.0,283.44
OI0001191,O000822,P0064,1,127.58,18.84,108.74
OI0001192,O000822,P0003,1,199.95,25.24,174.71
OI0001193,O000822,P0071,1,31.93,3.69,28.24
OI0001194,O000823,P0022,1,340.39,55.46,284.93
OI0001195,O000823,P0047,1,77.86,10.75,67.11
OI0001196,O000824,P0071,1,31.93,3.48,28.45
OI0001197,O000825,P0076,1,159.09,12.97,146.12
OI0001198,O000826,P0013,1,296.26,71.75,224.51
OI0001199,O000827,P0020,1,240.66,48.8,191.86
OI0001200,O000828,P0028,1,337.81,59.64,278.17
OI0001201,O000829,P0007,1,340.81,57.84,282.97
OI0001202,O000830,P0001,2,16.55,0.0,33.1
OI0001203,O000831,P0065,1,144.28,25.95,118.33
OI0001204,O000832,P0065,1,144.28,23.21,121.07
OI0001205,O000833,P0023,1,295.85,28.93,266.92
OI0001206,O000833,P0048,1,164.37,2.83,161.54
OI0001207,O000834,P0023,1,295.85,39.91,255.94
OI0001208,O000835,P0051,2,217.19,41.04,393.34
OI0001209,O000835,P0047,2,77.86,6.07,149.65
OI0001210,O000836,P0059,1,315.43,47.28,268.15
